Workbook

Sheet ملخص المناديب
A1: شيت المتابعة اليومية للمناديب — Smou Lifts (Odoo CRM)
A2: الفترة: 01/09/2026 حتى 30/09/2026 | البيانات متاحة فعلياً حتى 2026-09-30 | المصدر: crm.lead | آخر تحديث: 01/10/2026
A4: المندوب | B4: عدد الفرص | C4: اسم العميل مكتوب | D4: Plot Number | E4: الاستشاري | F4: المقاول | G4: Tags | H4: مرفقات | I4: Source | J4: ملاحظات | K4: نسبة الاكتمال % | L4: عدد الأكشنات | M4: أكشنات تفصيلية | N4: أكشنات مختصرة | O4: نسبة التفصيل % | P4: الملاحظة العامة على المندوب
A5: Abdullhadi AlHariri | B5: =COUNTIF('تفاصيل الفرص'!$D$2:$D$372,$A5) -> 51 | C5: =COUNTIFS('تفاصيل الفرص'!$D$2:$D$372,$A5,'تفاصيل الفرص'!$I$2:$I$372,"نعم") -> 51 | D5: =COUNTIFS('تفاصيل الفرص'!$D$2:$D$372,$A5,'تفاصيل الفرص'!$K$2:$K$372,"نعم") -> 5 | E5: =COUNTIFS('تفاصيل الفرص'!$D$2:$D$372,$A5,'تفاصيل الفرص'!$M$2:$M$372,"نعم") -> 25 | F5: =COUNTIFS('تفاصيل الفرص'!$D$2:$D$372,$A5,'تفاصيل الفرص'!$O$2:$O$372,"نعم") -> 24 | G5: =COUNTIFS('تفاصيل الفرص'!$D$2:$D$372,$A5,'تفاصيل الفرص'!$Q$2:$Q$372,"نعم") -> 47 | H5: =COUNTIFS('تفاصيل الفرص'!$D$2:$D$372,$A5,'تفاصيل الفرص'!$S$2:$S$372,"نعم") -> 0 | I5: =COUNTIFS('تفاصيل الفرص'!$D$2:$D$372,$A5,'تفاصيل الفرص'!$U$2:$U$372,"نعم") -> 0 | J5: =COUNTIFS('تفاصيل الفرص'!$D$2:$D$372,$A5,'تفاصيل الفرص'!$W$2:$W$372,"نعم") -> 5 | K5: =IF($B5=0,0,SUM(C5:J5)/($B5*8)) -> 0.38480392 | L5: =COUNTIF('سجل الأكشنات'!$D$2:$D$933,$A5) -> 132 | M5: =COUNTIFS('سجل الأكشنات'!$D$2:$D$933,$A5,'سجل الأكشنات'!$H$2:$H$933,"تفصيلي") -> 125 | N5: =L5-M5 -> 7 | O5: =IF($L5=0,0,M5/L5) -> 0.9469697 | P5: لا يكتب إطلاقاً: مرفقات، Source (في كل الـ51 فرصة) · كثيراً ما يترك فارغاً: Plot Number (46/51)، ملاحظات (46/51)، المقاول (27/51)، الاستشاري (26/51) · الأكشنات: 132 أكشن منها 7 مختصر/بدون نص
A6: Ahmed AlDinary | B6: =COUNTIF('تفاصيل الفرص'!$D$2:$D$372,$A6) -> 47 | C6: =COUNTIFS('تفاصيل الفرص'!$D$2:$D$372,$A6,'تفاصيل الفرص'!$I$2:$I$372,"نعم") -> 4 | D6: =COUNTIFS('تفاصيل الفرص'!$D$2:$D$372,$A6,'تفاصيل الفرص'!$K$2:$K$372,"نعم") -> 2 | E6: =COUNTIFS('تفاصيل الفرص'!$D$2:$D$372,$A6,'تفاصيل الفرص'!$M$2:$M$372,"نعم") -> 4 | F6: =COUNTIFS('تفاصيل الفرص'!$D$2:$D$372,$A6,'تفاصيل الفرص'!$O$2:$O$372,"نعم") -> 4 | G6: =COUNTIFS('تفاصيل الفرص'!$D$2:$D$372,$A6,'تفاصيل الفرص'!$Q$2:$Q$372,"نعم") -> 5 | H6: =COUNTIFS('تفاصيل الفرص'!$D$2:$D$372,$A6,'تفاصيل الفرص'!$S$2:$S$372,"نعم") -> 0 | I6: =COUNTIFS('تفاصيل الفرص'!$D$2:$D$372,$A6,'تفاصيل الفرص'!$U$2:$U$372,"نعم") -> 5 | J6: =COUNTIFS('تفاصيل الفرص'!$D$2:$D$372,$A6,'تفاصيل الفرص'!$W$2:$W$372,"نعم") -> 0 | K6: =IF($B6=0,0,SUM(C6:J6)/($B6*8)) -> 0.063829787 | L6: =COUNTIF('سجل الأكشنات'!$D$2:$D$933,$A6) -> 124 | M6: =COUNTIFS('سجل الأكشنات'!$D$2:$D$933,$A6,'سجل الأكشنات'!$H$2:$H$933,"تفصيلي") -> 107 | N6: =L6-M6 -> 17 | O6: =IF($L6=0,0,M6/L6) -> 0.86290323 | P6: لا يكتب إطلاقاً: مرفقات، ملاحظات (في كل الـ47 فرصة) · كثيراً ما يترك فارغاً: Plot Number (45/47)، اسم العميل (43/47)، الاستشاري (43/47)، المقاول (43/47)، Tags (42/47)، Source (42/47) · الأكشنات: 124 أكشن منها 17 مختصر/بدون نص
A7: Ahmed Alattar | B7: =COUNTIF('تفاصيل الفرص'!$D$2:$D$372,$A7) -> 30 | C7: =COUNTIFS('تفاصيل الفرص'!$D$2:$D$372,$A7,'تفاصيل الفرص'!$I$2:$I$372,"نعم") -> 30 | D7: =COUNTIFS('تفاصيل الفرص'!$D$2:$D$372,$A7,'تفاصيل الفرص'!$K$2:$K$372,"نعم") -> 0 | E7: =COUNTIFS('تفاصيل الفرص'!$D$2:$D$372,$A7,'تفاصيل الفرص'!$M$2:$M$372,"نعم") -> 19 | F7: =COUNTIFS('تفاصيل الفرص'!$D$2:$D$372,$A7,'تفاصيل الفرص'!$O$2:$O$372,"نعم") -> 18 | G7: =COUNTIFS('تفاصيل الفرص'!$D$2:$D$372,$A7,'تفاصيل الفرص'!$Q$2:$Q$372,"نعم") -> 29 | H7: =COUNTIFS('تفاصيل الفرص'!$D$2:$D$372,$A7,'تفاصيل الفرص'!$S$2:$S$372,"نعم") -> 0 | I7: =COUNTIFS('تفاصيل الفرص'!$D$2:$D$372,$A7,'تفاصيل الفرص'!$U$2:$U$372,"نعم") -> 9 | J7: =COUNTIFS('تفاصيل الفرص'!$D$2:$D$372,$A7,'تفاصيل الفرص'!$W$2:$W$372,"نعم") -> 4 | K7: =IF($B7=0,0,SUM(C7:J7)/($B7*8)) -> 0.45416667 | L7: =COUNTIF('سجل الأكشنات'!$D$2:$D$933,$A7) -> 73 | M7: =COUNTIFS('سجل الأكشنات'!$D$2:$D$933,$A7,'سجل الأكشنات'!$H$2:$H$933,"تفصيلي") -> 48 | N7: =L7-M7 -> 25 | O7: =IF($L7=0,0,M7/L7) -> 0.65753425 | P7: لا يكتب إطلاقاً: Plot Number، مرفقات (في كل الـ30 فرصة) · كثيراً ما يترك فارغاً: ملاحظات (26/30)، Source (21/30) · الأكشنات: 73 أكشن منها 25 مختصر/بدون نص
A8: Ahmed Salah | B8: =COUNTIF('تفاصيل الفرص'!$D$2:$D$372,$A8) -> 23 | C8: =COUNTIFS('تفاصيل الفرص'!$D$2:$D$372,$A8,'تفاصيل الفرص'!$I$2:$I$372,"نعم") -> 2 | D8: =COUNTIFS('تفاصيل الفرص'!$D$2:$D$372,$A8,'تفاصيل الفرص'!$K$2:$K$372,"نعم") -> 6 | E8: =COUNTIFS('تفاصيل الفرص'!$D$2:$D$372,$A8,'تفاصيل الفرص'!$M$2:$M$372,"نعم") -> 13 | F8: =COUNTIFS('تفاصيل الفرص'!$D$2:$D$372,$A8,'تفاصيل الفرص'!$O$2:$O$372,"نعم") -> 12 | G8: =COUNTIFS('تفاصيل الفرص'!$D$2:$D$372,$A8,'تفاصيل الفرص'!$Q$2:$Q$372,"نعم") -> 12 | H8: =COUNTIFS('تفاصيل الفرص'!$D$2:$D$372,$A8,'تفاصيل الفرص'!$S$2:$S$372,"نعم") -> 0 | I8: =COUNTIFS('تفاصيل الفرص'!$D$2:$D$372,$A8,'تفاصيل الفرص'!$U$2:$U$372,"نعم") -> 0 | J8: =COUNTIFS('تفاصيل الفرص'!$D$2:$D$372,$A8,'تفاصيل الفرص'!$W$2:$W$372,"نعم") -> 0 | K8: =IF($B8=0,0,SUM(C8:J8)/($B8*8)) -> 0.24456522 | L8: =COUNTIF('سجل الأكشنات'!$D$2:$D$933,$A8) -> 80 | M8: =COUNTIFS('سجل الأكشنات'!$D$2:$D$933,$A8,'سجل الأكشنات'!$H$2:$H$933,"تفصيلي") -> 78 | N8: =L8-M8 -> 2 | O8: =IF($L8=0,0,M8/L8) -> 0.975 | P8: لا يكتب إطلاقاً: مرفقات، Source، ملاحظات (في كل الـ23 فرصة) · كثيراً ما يترك فارغاً: اسم العميل (21/23)، Plot Number (17/23) · الأكشنات: 80 أكشن منها 2 مختصر/بدون نص
A9: Hossam Radi | B9: =COUNTIF('تفاصيل الفرص'!$D$2:$D$372,$A9) -> 0 | C9: =COUNTIFS('تفاصيل الفرص'!$D$2:$D$372,$A9,'تفاصيل الفرص'!$I$2:$I$372,"نعم") -> 0 | D9: =COUNTIFS('تفاصيل الفرص'!$D$2:$D$372,$A9,'تفاصيل الفرص'!$K$2:$K$372,"نعم") -> 0 | E9: =COUNTIFS('تفاصيل الفرص'!$D$2:$D$372,$A9,'تفاصيل الفرص'!$M$2:$M$372,"نعم") -> 0 | F9: =COUNTIFS('تفاصيل الفرص'!$D$2:$D$372,$A9,'تفاصيل الفرص'!$O$2:$O$372,"نعم") -> 0 | G9: =COUNTIFS('تفاصيل الفرص'!$D$2:$D$372,$A9,'تفاصيل الفرص'!$Q$2:$Q$372,"نعم") -> 0 | H9: =COUNTIFS('تفاصيل الفرص'!$D$2:$D$372,$A9,'تفاصيل الفرص'!$S$2:$S$372,"نعم") -> 0 | I9: =COUNTIFS('تفاصيل الفرص'!$D$2:$D$372,$A9,'تفاصيل الفرص'!$U$2:$U$372,"نعم") -> 0 | J9: =COUNTIFS('تفاصيل الفرص'!$D$2:$D$372,$A9,'تفاصيل الفرص'!$W$2:$W$372,"نعم") -> 0 | K9: =IF($B9=0,0,SUM(C9:J9)/($B9*8)) -> 0 | L9: =COUNTIF('سجل الأكشنات'!$D$2:$D$933,$A9) -> 16 | M9: =COUNTIFS('سجل الأكشنات'!$D$2:$D$933,$A9,'سجل الأكشنات'!$H$2:$H$933,"تفصيلي") -> 16 | N9: =L9-M9 -> 0 | O9: =IF($L9=0,0,M9/L9) -> 1 | P9: لم ينشئ أي فرصة في الفترة · الأكشنات: 16 أكشن كلها مكتوبة بتفاصيل ✔
A10: Mohamed Saqr | B10: =COUNTIF('تفاصيل الفرص'!$D$2:$D$372,$A10) -> 13 | C10: =COUNTIFS('تفاصيل الفرص'!$D$2:$D$372,$A10,'تفاصيل الفرص'!$I$2:$I$372,"نعم") -> 0 | D10: =COUNTIFS('تفاصيل الفرص'!$D$2:$D$372,$A10,'تفاصيل الفرص'!$K$2:$K$372,"نعم") -> 0 | E10: =COUNTIFS('تفاصيل الفرص'!$D$2:$D$372,$A10,'تفاصيل الفرص'!$M$2:$M$372,"نعم") -> 3 | F10: =COUNTIFS('تفاصيل الفرص'!$D$2:$D$372,$A10,'تفاصيل الفرص'!$O$2:$O$372,"نعم") -> 2 | G10: =COUNTIFS('تفاصيل الفرص'!$D$2:$D$372,$A10,'تفاصيل الفرص'!$Q$2:$Q$372,"نعم") -> 2 | H10: =COUNTIFS('تفاصيل الفرص'!$D$2:$D$372,$A10,'تفاصيل الفرص'!$S$2:$S$372,"نعم") -> 0 | I10: =COUNTIFS('تفاصيل الفرص'!$D$2:$D$372,$A10,'تفاصيل الفرص'!$U$2:$U$372,"نعم") -> 1 | J10: =COUNTIFS('تفاصيل الفرص'!$D$2:$D$372,$A10,'تفاصيل الفرص'!$W$2:$W$372,"نعم") -> 0 | K10: =IF($B10=0,0,SUM(C10:J10)/($B10*8)) -> 0.076923077 | L10: =COUNTIF('سجل الأكشنات'!$D$2:$D$933,$A10) -> 73 | M10: =COUNTIFS('سجل الأكشنات'!$D$2:$D$933,$A10,'سجل الأكشنات'!$H$2:$H$933,"تفصيلي") -> 71 | N10: =L10-M10 -> 2 | O10: =IF($L10=0,0,M10/L10) -> 0.97260274 | P10: لا يكتب إطلاقاً: اسم العميل، Plot Number، مرفقات، ملاحظات (في كل الـ13 فرصة) · كثيراً ما يترك فارغاً: Source (12/13)، المقاول (11/13)، Tags (11/13)، الاستشاري (10/13) · الأكشنات: 73 أكشن منها 2 مختصر/بدون نص
A11: Mohammed Jamal | B11: =COUNTIF('تفاصيل الفرص'!$D$2:$D$372,$A11) -> 97 | C11: =COUNTIFS('تفاصيل الفرص'!$D$2:$D$372,$A11,'تفاصيل الفرص'!$I$2:$I$372,"نعم") -> 96 | D11: =COUNTIFS('تفاصيل الفرص'!$D$2:$D$372,$A11,'تفاصيل الفرص'!$K$2:$K$372,"نعم") -> 1 | E11: =COUNTIFS('تفاصيل الفرص'!$D$2:$D$372,$A11,'تفاصيل الفرص'!$M$2:$M$372,"نعم") -> 21 | F11: =COUNTIFS('تفاصيل الفرص'!$D$2:$D$372,$A11,'تفاصيل الفرص'!$O$2:$O$372,"نعم") -> 4 | G11: =COUNTIFS('تفاصيل الفرص'!$D$2:$D$372,$A11,'تفاصيل الفرص'!$Q$2:$Q$372,"نعم") -> 92 | H11: =COUNTIFS('تفاصيل الفرص'!$D$2:$D$372,$A11,'تفاصيل الفرص'!$S$2:$S$372,"نعم") -> 0 | I11: =COUNTIFS('تفاصيل الفرص'!$D$2:$D$372,$A11,'تفاصيل الفرص'!$U$2:$U$372,"نعم") -> 83 | J11: =COUNTIFS('تفاصيل الفرص'!$D$2:$D$372,$A11,'تفاصيل الفرص'!$W$2:$W$372,"نعم") -> 0 | K11: =IF($B11=0,0,SUM(C11:J11)/($B11*8)) -> 0.38273196 | L11: =COUNTIF('سجل الأكشنات'!$D$2:$D$933,$A11) -> 101 | M11: =COUNTIFS('سجل الأكشنات'!$D$2:$D$933,$A11,'سجل الأكشنات'!$H$2:$H$933,"تفصيلي") -> 88 | N11: =L11-M11 -> 13 | O11: =IF($L11=0,0,M11/L11) -> 0.87128713 | P11: لا يكتب إطلاقاً: مرفقات، ملاحظات (في كل الـ97 فرصة) · كثيراً ما يترك فارغاً: Plot Number (96/97)، المقاول (93/97)، الاستشاري (76/97) · الأكشنات: 101 أكشن منها 13 مختصر/بدون نص
A12: Ramy Moussa | B12: =COUNTIF('تفاصيل الفرص'!$D$2:$D$372,$A12) -> 34 | C12: =COUNTIFS('تفاصيل الفرص'!$D$2:$D$372,$A12,'تفاصيل الفرص'!$I$2:$I$372,"نعم") -> 34 | D12: =COUNTIFS('تفاصيل الفرص'!$D$2:$D$372,$A12,'تفاصيل الفرص'!$K$2:$K$372,"نعم") -> 3 | E12: =COUNTIFS('تفاصيل الفرص'!$D$2:$D$372,$A12,'تفاصيل الفرص'!$M$2:$M$372,"نعم") -> 11 | F12: =COUNTIFS('تفاصيل الفرص'!$D$2:$D$372,$A12,'تفاصيل الفرص'!$O$2:$O$372,"نعم") -> 9 | G12: =COUNTIFS('تفاصيل الفرص'!$D$2:$D$372,$A12,'تفاصيل الفرص'!$Q$2:$Q$372,"نعم") -> 7 | H12: =COUNTIFS('تفاصيل الفرص'!$D$2:$D$372,$A12,'تفاصيل الفرص'!$S$2:$S$372,"نعم") -> 0 | I12: =COUNTIFS('تفاصيل الفرص'!$D$2:$D$372,$A12,'تفاصيل الفرص'!$U$2:$U$372,"نعم") -> 7 | J12: =COUNTIFS('تفاصيل الفرص'!$D$2:$D$372,$A12,'تفاصيل الفرص'!$W$2:$W$372,"نعم") -> 0 | K12: =IF($B12=0,0,SUM(C12:J12)/($B12*8)) -> 0.26102941 | L12: =COUNTIF('سجل الأكشنات'!$D$2:$D$933,$A12) -> 95 | M12: =COUNTIFS('سجل الأكشنات'!$D$2:$D$933,$A12,'سجل الأكشنات'!$H$2:$H$933,"تفصيلي") -> 70 | N12: =L12-M12 -> 25 | O12: =IF($L12=0,0,M12/L12) -> 0.73684211 | P12: لا يكتب إطلاقاً: مرفقات، ملاحظات (في كل الـ34 فرصة) · كثيراً ما يترك فارغاً: Plot Number (31/34)، Tags (27/34)، Source (27/34)، المقاول (25/34)، الاستشاري (23/34) · الأكشنات: 95 أكشن منها 25 مختصر/بدون نص
A13: Yossry Fayez | B13: =COUNTIF('تفاصيل الفرص'!$D$2:$D$372,$A13) -> 76 | C13: =COUNTIFS('تفاصيل الفرص'!$D$2:$D$372,$A13,'تفاصيل الفرص'!$I$2:$I$372,"نعم") -> 75 | D13: =COUNTIFS('تفاصيل الفرص'!$D$2:$D$372,$A13,'تفاصيل الفرص'!$K$2:$K$372,"نعم") -> 2 | E13: =COUNTIFS('تفاصيل الفرص'!$D$2:$D$372,$A13,'تفاصيل الفرص'!$M$2:$M$372,"نعم") -> 70 | F13: =COUNTIFS('تفاصيل الفرص'!$D$2:$D$372,$A13,'تفاصيل الفرص'!$O$2:$O$372,"نعم") -> 71 | G13: =COUNTIFS('تفاصيل الفرص'!$D$2:$D$372,$A13,'تفاصيل الفرص'!$Q$2:$Q$372,"نعم") -> 75 | H13: =COUNTIFS('تفاصيل الفرص'!$D$2:$D$372,$A13,'تفاصيل الفرص'!$S$2:$S$372,"نعم") -> 0 | I13: =COUNTIFS('تفاصيل الفرص'!$D$2:$D$372,$A13,'تفاصيل الفرص'!$U$2:$U$372,"نعم") -> 76 | J13: =COUNTIFS('تفاصيل الفرص'!$D$2:$D$372,$A13,'تفاصيل الفرص'!$W$2:$W$372,"نعم") -> 0 | K13: =IF($B13=0,0,SUM(C13:J13)/($B13*8)) -> 0.60690789 | L13: =COUNTIF('سجل الأكشنات'!$D$2:$D$933,$A13) -> 238 | M13: =COUNTIFS('سجل الأكشنات'!$D$2:$D$933,$A13,'سجل الأكشنات'!$H$2:$H$933,"تفصيلي") -> 213 | N13: =L13-M13 -> 25 | O13: =IF($L13=0,0,M13/L13) -> 0.89495798 | P13: لا يكتب إطلاقاً: مرفقات، ملاحظات (في كل الـ76 فرصة) · كثيراً ما يترك فارغاً: Plot Number (74/76) · الأكشنات: 238 أكشن منها 25 مختصر/بدون نص
A14: الإجمالي | B14: =SUM(B5:B13) -> 371 | C14: =SUM(C5:C13) -> 292 | D14: =SUM(D5:D13) -> 19 | E14: =SUM(E5:E13) -> 166 | F14: =SUM(F5:F13) -> 144 | G14: =SUM(G5:G13) -> 269 | H14: =SUM(H5:H13) -> 0 | I14: =SUM(I5:I13) -> 181 | J14: =SUM(J5:J13) -> 9 | K14: =IF($B14=0,0,SUM(C14:J14)/($B14*8)) -> 0.3638814 | L14: =SUM(L5:L13) -> 932 | M14: =SUM(M5:M13) -> 816 | N14: =SUM(N5:N13) -> 116 | O14: =IF($L14=0,0,M14/L14) -> 0.87553648
A16: ملاحظات على المنهجية:
A17: • «عدد الفرص» = الفرص (crm.lead) التي أنشأها المندوب في الفترة، بتوقيت الإمارات (UTC+4).
A18: • أعمدة الفحص تَعُدّ الفرص التي بها الخانة ممتلئة فعلياً (نعم) — التفاصيل سطراً بسطر في تاب «تفاصيل الفرص».
A19: • «نسبة الاكتمال %» = مجموع الخانات الممتلئة ÷ (عدد الفرص × 8 خانات مطلوبة).
A20: • «عدد الأكشنات» = الأنشطة المنفّذة (Activity done) + الملاحظات المسجّلة على الفرص خلال الفترة.
A21: • «تفصيلي» = نص الأكشن 40 حرفاً فأكثر · «مختصر» = أقل من 40 حرفاً أو فارغ.
A22: • البيانات مسحوبة من الأودو بتاريخ 01/10/2026 — آخر يوم به نشاط مسجّل هو 2026-09-30.
A23: • المناديب المستبعدون من الشيت: Sayed Samak.

Sheet متابعة يومية
A1: المتابعة اليومية لكل مندوب — 01/09/2026 إلى 30/09/2026
A3: اليوم | B3: التاريخ | C3: المندوب | D3: عدد الفرص | E3: الفرص المكتملة 100% | F3: الأكشنات | G3: أكشنات تفصيلية | H3: أكشنات مختصرة | I3: حالة اليوم
A4: الثلاثاء | B4: 2026-09-01 | C4: Abdullhadi AlHariri | D4: =COUNTIFS('تفاصيل الفرص'!$B$2:$B$372,$B4,'تفاصيل الفرص'!$D$2:$D$372,$C4) -> 0 | E4: =COUNTIFS('تفاصيل الفرص'!$B$2:$B$372,$B4,'تفاصيل الفرص'!$D$2:$D$372,$C4,'تفاصيل الفرص'!$X$2:$X$372,0) -> 0 | F4: =COUNTIFS('سجل الأكشنات'!$B$2:$B$933,$B4,'سجل الأكشنات'!$D$2:$D$933,$C4) -> 3 | G4: =COUNTIFS('سجل الأكشنات'!$B$2:$B$933,$B4,'سجل الأكشنات'!$D$2:$D$933,$C4,'سجل الأكشنات'!$H$2:$H$933,"تفصيلي") -> 3 | H4: =F4-G4 -> 0 | I4: =IF($B4>"2026-09-30","لا توجد بيانات بعد",IF(AND(D4=0,F4=0),"بدون نشاط","نشِط")) -> نشِط
A5: الثلاثاء | B5: 2026-09-01 | C5: Ahmed AlDinary | D5: =COUNTIFS('تفاصيل الفرص'!$B$2:$B$372,$B5,'تفاصيل الفرص'!$D$2:$D$372,$C5) -> 0 | E5: =COUNTIFS('تفاصيل الفرص'!$B$2:$B$372,$B5,'تفاصيل الفرص'!$D$2:$D$372,$C5,'تفاصيل الفرص'!$X$2:$X$372,0) -> 0 | F5: =COUNTIFS('سجل الأكشنات'!$B$2:$B$933,$B5,'سجل الأكشنات'!$D$2:$D$933,$C5) -> 0 | G5: =COUNTIFS('سجل الأكشنات'!$B$2:$B$933,$B5,'سجل الأكشنات'!$D$2:$D$933,$C5,'سجل الأكشنات'!$H$2:$H$933,"تفصيلي") -> 0 | H5: =F5-G5 -> 0 | I5: =IF($B5>"2026-09-30","لا توجد بيانات بعد",IF(AND(D5=0,F5=0),"بدون نشاط","نشِط")) -> بدون نشاط
A6: الثلاثاء | B6: 2026-09-01 | C6: Ahmed Alattar | D6: =COUNTIFS('تفاصيل الفرص'!$B$2:$B$372,$B6,'تفاصيل الفرص'!$D$2:$D$372,$C6) -> 1 | E6: =COUNTIFS('تفاصيل الفرص'!$B$2:$B$372,$B6,'تفاصيل الفرص'!$D$2:$D$372,$C6,'تفاصيل الفرص'!$X$2:$X$372,0) -> 0 | F6: =COUNTIFS('سجل الأكشنات'!$B$2:$B$933,$B6,'سجل الأكشنات'!$D$2:$D$933,$C6) -> 5 | G6: =COUNTIFS('سجل الأكشنات'!$B$2:$B$933,$B6,'سجل الأكشنات'!$D$2:$D$933,$C6,'سجل الأكشنات'!$H$2:$H$933,"تفصيلي") -> 4 | H6: =F6-G6 -> 1 | I6: =IF($B6>"2026-09-30","لا توجد بيانات بعد",IF(AND(D6=0,F6=0),"بدون نشاط","نشِط")) -> نشِط
A7: الثلاثاء | B7: 2026-09-01 | C7: Ahmed Salah | D7: =COUNTIFS('تفاصيل الفرص'!$B$2:$B$372,$B7,'تفاصيل الفرص'!$D$2:$D$372,$C7) -> 0 | E7: =COUNTIFS('تفاصيل الفرص'!$B$2:$B$372,$B7,'تفاصيل الفرص'!$D$2:$D$372,$C7,'تفاصيل الفرص'!$X$2:$X$372,0) -> 0 | F7: =COUNTIFS('سجل الأكشنات'!$B$2:$B$933,$B7,'سجل الأكشنات'!$D$2:$D$933,$C7) -> 3 | G7: =COUNTIFS('سجل الأكشنات'!$B$2:$B$933,$B7,'سجل الأكشنات'!$D$2:$D$933,$C7,'سجل الأكشنات'!$H$2:$H$933,"تفصيلي") -> 3 | H7: =F7-G7 -> 0 | I7: =IF($B7>"2026-09-30","لا توجد بيانات بعد",IF(AND(D7=0,F7=0),"بدون نشاط","نشِط")) -> نشِط
A8: الثلاثاء | B8: 2026-09-01 | C8: Hossam Radi | D8: =COUNTIFS('تفاصيل الفرص'!$B$2:$B$372,$B8,'تفاصيل الفرص'!$D$2:$D$372,$C8) -> 0 | E8: =COUNTIFS('تفاصيل الفرص'!$B$2:$B$372,$B8,'تفاصيل الفرص'!$D$2:$D$372,$C8,'تفاصيل الفرص'!$X$2:$X$372,0) -> 0 | F8: =COUNTIFS('سجل الأكشنات'!$B$2:$B$933,$B8,'سجل الأكشنات'!$D$2:$D$933,$C8) -> 12 | G8: =COUNTIFS('سجل الأكشنات'!$B$2:$B$933,$B8,'سجل الأكشنات'!$D$2:$D$933,$C8,'سجل الأكشنات'!$H$2:$H$933,"تفصيلي") -> 12 | H8: =F8-G8 -> 0 | I8: =IF($B8>"2026-09-30","لا توجد بيانات بعد",IF(AND(D8=0,F8=0),"بدون نشاط","نشِط")) -> نشِط
A9: الثلاثاء | B9: 2026-09-01 | C9: Mohamed Saqr | D9: =COUNTIFS('تفاصيل الفرص'!$B$2:$B$372,$B9,'تفاصيل الفرص'!$D$2:$D$372,$C9) -> 0 | E9: =COUNTIFS('تفاصيل الفرص'!$B$2:$B$372,$B9,'تفاصيل الفرص'!$D$2:$D$372,$C9,'تفاصيل الفرص'!$X$2:$X$372,0) -> 0 | F9: =COUNTIFS('سجل الأكشنات'!$B$2:$B$933,$B9,'سجل الأكشنات'!$D$2:$D$933,$C9) -> 0 | G9: =COUNTIFS('سجل الأكشنات'!$B$2:$B$933,$B9,'سجل الأكشنات'!$D$2:$D$933,$C9,'سجل الأكشنات'!$H$2:$H$933,"تفصيلي") -> 0 | H9: =F9-G9 -> 0 | I9: =IF($B9>"2026-09-30","لا توجد بيانات بعد",IF(AND(D9=0,F9=0),"بدون نشاط","نشِط")) -> بدون نشاط
A10: الثلاثاء | B10: 2026-09-01 | C10: Mohammed Jamal | D10: =COUNTIFS('تفاصيل الفرص'!$B$2:$B$372,$B10,'تفاصيل الفرص'!$D$2:$D$372,$C10) -> 1 | E10: =COUNTIFS('تفاصيل الفرص'!$B$2:$B$372,$B10,'تفاصيل الفرص'!$D$2:$D$372,$C10,'تفاصيل الفرص'!$X$2:$X$372,0) -> 0 | F10: =COUNTIFS('سجل الأكشنات'!$B$2:$B$933,$B10,'سجل الأكشنات'!$D$2:$D$933,$C10) -> 1 | G10: =COUNTIFS('سجل الأكشنات'!$B$2:$B$933,$B10,'سجل الأكشنات'!$D$2:$D$933,$C10,'سجل الأكشنات'!$H$2:$H$933,"تفصيلي") -> 0 | H10: =F10-G10 -> 1 | I10: =IF($B10>"2026-09-30","لا توجد بيانات بعد",IF(AND(D10=0,F10=0),"بدون نشاط","نشِط")) -> نشِط
A11: الثلاثاء | B11: 2026-09-01 | C11: Ramy Moussa | D11: =COUNTIFS('تفاصيل الفرص'!$B$2:$B$372,$B11,'تفاصيل الفرص'!$D$2:$D$372,$C11) -> 0 | E11: =COUNTIFS('تفاصيل الفرص'!$B$2:$B$372,$B11,'تفاصيل الفرص'!$D$2:$D$372,$C11,'تفاصيل الفرص'!$X$2:$X$372,0) -> 0 | F11: =COUNTIFS('سجل الأكشنات'!$B$2:$B$933,$B11,'سجل الأكشنات'!$D$2:$D$933,$C11) -> 1 | G11: =COUNTIFS('سجل الأكشنات'!$B$2:$B$933,$B11,'سجل الأكشنات'!$D$2:$D$933,$C11,'سجل الأكشنات'!$H$2:$H$933,"تفصيلي") -> 1 | H11: =F11-G11 -> 0 | I11: =IF($B11>"2026-09-30","لا توجد بيانات بعد",IF(AND(D11=0,F11=0),"بدون نشاط","نشِط")) -> نشِط
A12: الثلاثاء | B12: 2026-09-01 | C12: Yossry Fayez | D12: =COUNTIFS('تفاصيل الفرص'!$B$2:$B$372,$B12,'تفاصيل الفرص'!$D$2:$D$372,$C12) -> 2 | E12: =COUNTIFS('تفاصيل الفرص'!$B$2:$B$372,$B12,'تفاصيل الفرص'!$D$2:$D$372,$C12,'تفاصيل الفرص'!$X$2:$X$372,0) -> 0 | F12: =COUNTIFS('سجل الأكشنات'!$B$2:$B$933,$B12,'سجل الأكشنات'!$D$2:$D$933,$C12) -> 8 | G12: =COUNTIFS('سجل الأكشنات'!$B$2:$B$933,$B12,'سجل الأكشنات'!$D$2:$D$933,$C12,'سجل الأكشنات'!$H$2:$H$933,"تفصيلي") -> 8 | H12: =F12-G12 -> 0 | I12: =IF($B12>"2026-09-30","لا توجد بيانات بعد",IF(AND(D12=0,F12=0),"بدون نشاط","نشِط")) -> نشِط
A13: الأربعاء | B13: 2026-09-02 | C13: Abdullhadi AlHariri | D13: =COUNTIFS('تفاصيل الفرص'!$B$2:$B$372,$B13,'تفاصيل الفرص'!$D$2:$D$372,$C13) -> 3 | E13: =COUNTIFS('تفاصيل الفرص'!$B$2:$B$372,$B13,'تفاصيل الفرص'!$D$2:$D$372,$C13,'تفاصيل الفرص'!$X$2:$X$372,0) -> 0 | F13: =COUNTIFS('سجل الأكشنات'!$B$2:$B$933,$B13,'سجل الأكشنات'!$D$2:$D$933,$C13) -> 5 | G13: =COUNTIFS('سجل الأكشنات'!$B$2:$B$933,$B13,'سجل الأكشنات'!$D$2:$D$933,$C13,'سجل الأكشنات'!$H$2:$H$933,"تفصيلي") -> 5 | H13: =F13-G13 -> 0 | I13: =IF($B13>"2026-09-30","لا توجد بيانات بعد",IF(AND(D13=0,F13=0),"بدون نشاط","نشِط")) -> نشِط
A14: الأربعاء | B14: 2026-09-02 | C14: Ahmed AlDinary | D14: =COUNTIFS('تفاصيل الفرص'!$B$2:$B$372,$B14,'تفاصيل الفرص'!$D$2:$D$372,$C14) -> 0 | E14: =COUNTIFS('تفاصيل الفرص'!$B$2:$B$372,$B14,'تفاصيل الفرص'!$D$2:$D$372,$C14,'تفاصيل الفرص'!$X$2:$X$372,0) -> 0 | F14: =COUNTIFS('سجل الأكشنات'!$B$2:$B$933,$B14,'سجل الأكشنات'!$D$2:$D$933,$C14) -> 0 | G14: =COUNTIFS('سجل الأكشنات'!$B$2:$B$933,$B14,'سجل الأكشنات'!$D$2:$D$933,$C14,'سجل الأكشنات'!$H$2:$H$933,"تفصيلي") -> 0 | H14: =F14-G14 -> 0 | I14: =IF($B14>"2026-09-30","لا توجد بيانات بعد",IF(AND(D14=0,F14=0),"بدون نشاط","نشِط")) -> بدون نشاط
A15: الأربعاء | B15: 2026-09-02 | C15: Ahmed Alattar | D15: =COUNTIFS('تفاصيل الفرص'!$B$2:$B$372,$B15,'تفاصيل الفرص'!$D$2:$D$372,$C15) -> 1 | E15: =COUNTIFS('تفاصيل الفرص'!$B$2:$B$372,$B15,'تفاصيل الفرص'!$D$2:$D$372,$C15,'تفاصيل الفرص'!$X$2:$X$372,0) -> 0 | F15: =COUNTIFS('سجل الأكشنات'!$B$2:$B$933,$B15,'سجل الأكشنات'!$D$2:$D$933,$C15) -> 2 | G15: =COUNTIFS('سجل الأكشنات'!$B$2:$B$933,$B15,'سجل الأكشنات'!$D$2:$D$933,$C15,'سجل الأكشنات'!$H$2:$H$933,"تفصيلي") -> 2 | H15: =F15-G15 -> 0 | I15: =IF($B15>"2026-09-30","لا توجد بيانات بعد",IF(AND(D15=0,F15=0),"بدون نشاط","نشِط")) -> نشِط
... A273: الأربعاء | B273: 2026-09-30 | C273: Yossry Fayez | D273: =COUNTIFS('تفاصيل الفرص'!$B$2:$B$372,$B273,'تفاصيل الفرص'!$D$2:$D$372,$C273) -> 0 | E273: =COUNTIFS('تفاصيل الفرص'!$B$2:$B$372,$B273,'تفاصيل الفرص'!$D$2:$D$372,$C273,'تفاصيل الفرص'!$X$2:$X$372,0) -> 0 | F273: =COUNTIFS('سجل الأكشنات'!$B$2:$B$933,$B273,'سجل الأكشنات'!$D$2:$D$933,$C273) -> 1 | G273: =COUNTIFS('سجل الأكشنات'!$B$2:$B$933,$B273,'سجل الأكشنات'!$D$2:$D$933,$C273,'سجل الأكشنات'!$H$2:$H$933,"تفصيلي") -> 1 | H273: =F273-G273 -> 0 | I273: =IF($B273>"2026-09-30","لا توجد بيانات بعد",IF(AND(D273=0,F273=0),"بدون نشاط","نشِط")) -> نشِط

Sheet الملاحظات وتكرارها
A1: الملاحظات المتكررة ومدى تكرارها
A2: إجمالي الفرص المفحوصة: 371 | إجمالي الأكشنات المفحوصة: 932 | الفترة 01/09 – 30/09/2026
A4: أولاً: الملاحظات على الفرص — أي خانة تُترك فارغة وكم مرة تكررت
A5: الملاحظة (نص التعليق) | B5: الخانة | C5: عدد الفرص المتأثرة | D5: نسبة التكرار من الفرص | E5: عدد المناديب المتأثرين | F5: أكثر مندوب تكراراً | G5: Abdullhadi AlHariri | H5: Ahmed AlDinary | I5: Ahmed Alattar | J5: Ahmed Salah | K5: Mohamed Saqr | L5: Mohammed Jamal | M5: Ramy Moussa | N5: Yossry Fayez
A6: المندوب لم يكتب «اسم العميل» في الفرصة | B6: اسم العميل | C6: =COUNTIF('تفاصيل الفرص'!$I$2:$I$372,"لا") -> 79 | D6: =IF(371=0,0,C6/371) -> 0.21293801 | E6: 5 | F6: Ahmed AlDinary (43) | G6: =COUNTIFS('تفاصيل الفرص'!$D$2:$D$372,G$5,'تفاصيل الفرص'!$I$2:$I$372,"لا") -> 0 | H6: =COUNTIFS('تفاصيل الفرص'!$D$2:$D$372,H$5,'تفاصيل الفرص'!$I$2:$I$372,"لا") -> 43 | I6: =COUNTIFS('تفاصيل الفرص'!$D$2:$D$372,I$5,'تفاصيل الفرص'!$I$2:$I$372,"لا") -> 0 | J6: =COUNTIFS('تفاصيل الفرص'!$D$2:$D$372,J$5,'تفاصيل الفرص'!$I$2:$I$372,"لا") -> 21 | K6: =COUNTIFS('تفاصيل الفرص'!$D$2:$D$372,K$5,'تفاصيل الفرص'!$I$2:$I$372,"لا") -> 13 | L6: =COUNTIFS('تفاصيل الفرص'!$D$2:$D$372,L$5,'تفاصيل الفرص'!$I$2:$I$372,"لا") -> 1 | M6: =COUNTIFS('تفاصيل الفرص'!$D$2:$D$372,M$5,'تفاصيل الفرص'!$I$2:$I$372,"لا") -> 0 | N6: =COUNTIFS('تفاصيل الفرص'!$D$2:$D$372,N$5,'تفاصيل الفرص'!$I$2:$I$372,"لا") -> 1
A7: المندوب لم يكتب «Plot Number» في الفرصة | B7: Plot Number | C7: =COUNTIF('تفاصيل الفرص'!$K$2:$K$372,"لا") -> 352 | D7: =IF(371=0,0,C7/371) -> 0.94878706 | E7: 8 | F7: Mohammed Jamal (96) | G7: =COUNTIFS('تفاصيل الفرص'!$D$2:$D$372,G$5,'تفاصيل الفرص'!$K$2:$K$372,"لا") -> 46 | H7: =COUNTIFS('تفاصيل الفرص'!$D$2:$D$372,H$5,'تفاصيل الفرص'!$K$2:$K$372,"لا") -> 45 | I7: =COUNTIFS('تفاصيل الفرص'!$D$2:$D$372,I$5,'تفاصيل الفرص'!$K$2:$K$372,"لا") -> 30 | J7: =COUNTIFS('تفاصيل الفرص'!$D$2:$D$372,J$5,'تفاصيل الفرص'!$K$2:$K$372,"لا") -> 17 | K7: =COUNTIFS('تفاصيل الفرص'!$D$2:$D$372,K$5,'تفاصيل الفرص'!$K$2:$K$372,"لا") -> 13 | L7: =COUNTIFS('تفاصيل الفرص'!$D$2:$D$372,L$5,'تفاصيل الفرص'!$K$2:$K$372,"لا") -> 96 | M7: =COUNTIFS('تفاصيل الفرص'!$D$2:$D$372,M$5,'تفاصيل الفرص'!$K$2:$K$372,"لا") -> 31 | N7: =COUNTIFS('تفاصيل الفرص'!$D$2:$D$372,N$5,'تفاصيل الفرص'!$K$2:$K$372,"لا") -> 74
A8: المندوب لم يكتب «الاستشاري» في الفرصة | B8: الاستشاري | C8: =COUNTIF('تفاصيل الفرص'!$M$2:$M$372,"لا") -> 205 | D8: =IF(371=0,0,C8/371) -> 0.55256065 | E8: 8 | F8: Mohammed Jamal (76) | G8: =COUNTIFS('تفاصيل الفرص'!$D$2:$D$372,G$5,'تفاصيل الفرص'!$M$2:$M$372,"لا") -> 26 | H8: =COUNTIFS('تفاصيل الفرص'!$D$2:$D$372,H$5,'تفاصيل الفرص'!$M$2:$M$372,"لا") -> 43 | I8: =COUNTIFS('تفاصيل الفرص'!$D$2:$D$372,I$5,'تفاصيل الفرص'!$M$2:$M$372,"لا") -> 11 | J8: =COUNTIFS('تفاصيل الفرص'!$D$2:$D$372,J$5,'تفاصيل الفرص'!$M$2:$M$372,"لا") -> 10 | K8: =COUNTIFS('تفاصيل الفرص'!$D$2:$D$372,K$5,'تفاصيل الفرص'!$M$2:$M$372,"لا") -> 10 | L8: =COUNTIFS('تفاصيل الفرص'!$D$2:$D$372,L$5,'تفاصيل الفرص'!$M$2:$M$372,"لا") -> 76 | M8: =COUNTIFS('تفاصيل الفرص'!$D$2:$D$372,M$5,'تفاصيل الفرص'!$M$2:$M$372,"لا") -> 23 | N8: =COUNTIFS('تفاصيل الفرص'!$D$2:$D$372,N$5,'تفاصيل الفرص'!$M$2:$M$372,"لا") -> 6
A9: المندوب لم يكتب «المقاول» في الفرصة | B9: المقاول | C9: =COUNTIF('تفاصيل الفرص'!$O$2:$O$372,"لا") -> 227 | D9: =IF(371=0,0,C9/371) -> 0.61185984 | E9: 8 | F9: Mohammed Jamal (93) | G9: =COUNTIFS('تفاصيل الفرص'!$D$2:$D$372,G$5,'تفاصيل الفرص'!$O$2:$O$372,"لا") -> 27 | H9: =COUNTIFS('تفاصيل الفرص'!$D$2:$D$372,H$5,'تفاصيل الفرص'!$O$2:$O$372,"لا") -> 43 | I9: =COUNTIFS('تفاصيل الفرص'!$D$2:$D$372,I$5,'تفاصيل الفرص'!$O$2:$O$372,"لا") -> 12 | J9: =COUNTIFS('تفاصيل الفرص'!$D$2:$D$372,J$5,'تفاصيل الفرص'!$O$2:$O$372,"لا") -> 11 | K9: =COUNTIFS('تفاصيل الفرص'!$D$2:$D$372,K$5,'تفاصيل الفرص'!$O$2:$O$372,"لا") -> 11 | L9: =COUNTIFS('تفاصيل الفرص'!$D$2:$D$372,L$5,'تفاصيل الفرص'!$O$2:$O$372,"لا") -> 93 | M9: =COUNTIFS('تفاصيل الفرص'!$D$2:$D$372,M$5,'تفاصيل الفرص'!$O$2:$O$372,"لا") -> 25 | N9: =COUNTIFS('تفاصيل الفرص'!$D$2:$D$372,N$5,'تفاصيل الفرص'!$O$2:$O$372,"لا") -> 5
A10: المندوب لم يكتب «Tags» في الفرصة | B10: Tags | C10: =COUNTIF('تفاصيل الفرص'!$Q$2:$Q$372,"لا") -> 102 | D10: =IF(371=0,0,C10/371) -> 0.27493261 | E10: 8 | F10: Ahmed AlDinary (42) | G10: =COUNTIFS('تفاصيل الفرص'!$D$2:$D$372,G$5,'تفاصيل الفرص'!$Q$2:$Q$372,"لا") -> 4 | H10: =COUNTIFS('تفاصيل الفرص'!$D$2:$D$372,H$5,'تفاصيل الفرص'!$Q$2:$Q$372,"لا") -> 42 | I10: =COUNTIFS('تفاصيل الفرص'!$D$2:$D$372,I$5,'تفاصيل الفرص'!$Q$2:$Q$372,"لا") -> 1 | J10: =COUNTIFS('تفاصيل الفرص'!$D$2:$D$372,J$5,'تفاصيل الفرص'!$Q$2:$Q$372,"لا") -> 11 | K10: =COUNTIFS('تفاصيل الفرص'!$D$2:$D$372,K$5,'تفاصيل الفرص'!$Q$2:$Q$372,"لا") -> 11 | L10: =COUNTIFS('تفاصيل الفرص'!$D$2:$D$372,L$5,'تفاصيل الفرص'!$Q$2:$Q$372,"لا") -> 5 | M10: =COUNTIFS('تفاصيل الفرص'!$D$2:$D$372,M$5,'تفاصيل الفرص'!$Q$2:$Q$372,"لا") -> 27 | N10: =COUNTIFS('تفاصيل الفرص'!$D$2:$D$372,N$5,'تفاصيل الفرص'!$Q$2:$Q$372,"لا") -> 1
A11: المندوب لم يكتب «مرفقات» في الفرصة | B11: مرفقات | C11: =COUNTIF('تفاصيل الفرص'!$S$2:$S$372,"لا") -> 371 | D11: =IF(371=0,0,C11/371) -> 1 | E11: 8 | F11: Mohammed Jamal (97) | G11: =COUNTIFS('تفاصيل الفرص'!$D$2:$D$372,G$5,'تفاصيل الفرص'!$S$2:$S$372,"لا") -> 51 | H11: =COUNTIFS('تفاصيل الفرص'!$D$2:$D$372,H$5,'تفاصيل الفرص'!$S$2:$S$372,"لا") -> 47 | I11: =COUNTIFS('تفاصيل الفرص'!$D$2:$D$372,I$5,'تفاصيل الفرص'!$S$2:$S$372,"لا") -> 30 | J11: =COUNTIFS('تفاصيل الفرص'!$D$2:$D$372,J$5,'تفاصيل الفرص'!$S$2:$S$372,"لا") -> 23 | K11: =COUNTIFS('تفاصيل الفرص'!$D$2:$D$372,K$5,'تفاصيل الفرص'!$S$2:$S$372,"لا") -> 13 | L11: =COUNTIFS('تفاصيل الفرص'!$D$2:$D$372,L$5,'تفاصيل الفرص'!$S$2:$S$372,"لا") -> 97 | M11: =COUNTIFS('تفاصيل الفرص'!$D$2:$D$372,M$5,'تفاصيل الفرص'!$S$2:$S$372,"لا") -> 34 | N11: =COUNTIFS('تفاصيل الفرص'!$D$2:$D$372,N$5,'تفاصيل الفرص'!$S$2:$S$372,"لا") -> 76
A12: المندوب لم يكتب «Source» في الفرصة | B12: Source | C12: =COUNTIF('تفاصيل الفرص'!$U$2:$U$372,"لا") -> 190 | D12: =IF(371=0,0,C12/371) -> 0.51212938 | E12: 7 | F12: Abdullhadi AlHariri (51) | G12: =COUNTIFS('تفاصيل الفرص'!$D$2:$D$372,G$5,'تفاصيل الفرص'!$U$2:$U$372,"لا") -> 51 | H12: =COUNTIFS('تفاصيل الفرص'!$D$2:$D$372,H$5,'تفاصيل الفرص'!$U$2:$U$372,"لا") -> 42 | I12: =COUNTIFS('تفاصيل الفرص'!$D$2:$D$372,I$5,'تفاصيل الفرص'!$U$2:$U$372,"لا") -> 21 | J12: =COUNTIFS('تفاصيل الفرص'!$D$2:$D$372,J$5,'تفاصيل الفرص'!$U$2:$U$372,"لا") -> 23 | K12: =COUNTIFS('تفاصيل الفرص'!$D$2:$D$372,K$5,'تفاصيل الفرص'!$U$2:$U$372,"لا") -> 12 | L12: =COUNTIFS('تفاصيل الفرص'!$D$2:$D$372,L$5,'تفاصيل الفرص'!$U$2:$U$372,"لا") -> 14 | M12: =COUNTIFS('تفاصيل الفرص'!$D$2:$D$372,M$5,'تفاصيل الفرص'!$U$2:$U$372,"لا") -> 27 | N12: =COUNTIFS('تفاصيل الفرص'!$D$2:$D$372,N$5,'تفاصيل الفرص'!$U$2:$U$372,"لا") -> 0
A13: المندوب لم يكتب «ملاحظات» في الفرصة | B13: ملاحظات | C13: =COUNTIF('تفاصيل الفرص'!$W$2:$W$372,"لا") -> 362 | D13: =IF(371=0,0,C13/371) -> 0.97574124 | E13: 8 | F13: Mohammed Jamal (97) | G13: =COUNTIFS('تفاصيل الفرص'!$D$2:$D$372,G$5,'تفاصيل الفرص'!$W$2:$W$372,"لا") -> 46 | H13: =COUNTIFS('تفاصيل الفرص'!$D$2:$D$372,H$5,'تفاصيل الفرص'!$W$2:$W$372,"لا") -> 47 | I13: =COUNTIFS('تفاصيل الفرص'!$D$2:$D$372,I$5,'تفاصيل الفرص'!$W$2:$W$372,"لا") -> 26 | J13: =COUNTIFS('تفاصيل الفرص'!$D$2:$D$372,J$5,'تفاصيل الفرص'!$W$2:$W$372,"لا") -> 23 | K13: =COUNTIFS('تفاصيل الفرص'!$D$2:$D$372,K$5,'تفاصيل الفرص'!$W$2:$W$372,"لا") -> 13 | L13: =COUNTIFS('تفاصيل الفرص'!$D$2:$D$372,L$5,'تفاصيل الفرص'!$W$2:$W$372,"لا") -> 97 | M13: =COUNTIFS('تفاصيل الفرص'!$D$2:$D$372,M$5,'تفاصيل الفرص'!$W$2:$W$372,"لا") -> 34 | N13: =COUNTIFS('تفاصيل الفرص'!$D$2:$D$372,N$5,'تفاصيل الفرص'!$W$2:$W$372,"لا") -> 76
A16: ثانياً: أكثر أنماط النقص تكراراً (نفس مجموعة الخانات الناقصة معاً)
A17: نمط النقص (الخانات الناقصة معاً) | B17: عدد الفرص | C17: النسبة من الفرص
A18: ناقص: Plot Number، مرفقات، ملاحظات | B18: 74 | C18: =IF(371=0,0,B18/371) -> 0.19946092
A19: ناقص: Plot Number، الاستشاري، المقاول، مرفقات، ملاحظات | B19: 67 | C19: =IF(371=0,0,B19/371) -> 0.18059299
A20: ناقص: اسم العميل، Plot Number، الاستشاري، المقاول، Tags، مرفقات، Source، ملاحظات | B20: 56 | C20: =IF(371=0,0,B20/371) -> 0.1509434
A21: ناقص: Plot Number، الاستشاري، المقاول، Tags، مرفقات، Source، ملاحظات | B21: 30 | C21: =IF(371=0,0,B21/371) -> 0.080862534
A22: ناقص: Plot Number، المقاول، مرفقات، ملاحظات | B22: 21 | C22: =IF(371=0,0,B22/371) -> 0.056603774
A23: ناقص: Plot Number، المقاول، مرفقات، Source، ملاحظات | B23: 21 | C23: =IF(371=0,0,B23/371) -> 0.056603774
A24: ناقص: Plot Number، الاستشاري، مرفقات، Source، ملاحظات | B24: 19 | C24: =IF(371=0,0,B24/371) -> 0.051212938
A25: ناقص: Plot Number، الاستشاري، المقاول، مرفقات، Source، ملاحظات | B25: 15 | C25: =IF(371=0,0,B25/371) -> 0.040431267
A26: ناقص: Plot Number، مرفقات، Source، ملاحظات | B26: 10 | C26: =IF(371=0,0,B26/371) -> 0.026954178
A27: ناقص: Plot Number، الاستشاري، مرفقات، ملاحظات | B27: 7 | C27: =IF(371=0,0,B27/371) -> 0.018867925
A28: ناقص: مرفقات، ملاحظات | B28: 5 | C28: =IF(371=0,0,B28/371) -> 0.013477089
A29: ناقص: مرفقات، Source، ملاحظات | B29: 4 | C29: =IF(371=0,0,B29/371) -> 0.010781671
A32: ثالثاً: الملاحظات على الأكشنات وكم مرة تكررت
A33: الملاحظة على الأكشن | B33: عدد الأكشنات | C33: النسبة من الأكشنات | D33: Abdullhadi AlHariri | E33: Ahmed AlDinary | F33: Ahmed Alattar | G33: Ahmed Salah | H33: Mohamed Saqr | I33: Mohammed Jamal | J33: Ramy Moussa | K33: Yossry Fayez
A34: أكشن مكتوب بتفاصيل كافية ✔ | B34: =COUNTIF('سجل الأكشنات'!$J$2:$J$933,$A34) -> 816 | C34: =IF(932=0,0,B34/932) -> 0.87553648 | D34: =COUNTIFS('سجل الأكشنات'!$D$2:$D$933,D$33,'سجل الأكشنات'!$J$2:$J$933,$A34) -> 125 | E34: =COUNTIFS('سجل الأكشنات'!$D$2:$D$933,E$33,'سجل الأكشنات'!$J$2:$J$933,$A34) -> 107 | F34: =COUNTIFS('سجل الأكشنات'!$D$2:$D$933,F$33,'سجل الأكشنات'!$J$2:$J$933,$A34) -> 48 | G34: =COUNTIFS('سجل الأكشنات'!$D$2:$D$933,G$33,'سجل الأكشنات'!$J$2:$J$933,$A34) -> 78 | H34: =COUNTIFS('سجل الأكشنات'!$D$2:$D$933,H$33,'سجل الأكشنات'!$J$2:$J$933,$A34) -> 71 | I34: =COUNTIFS('سجل الأكشنات'!$D$2:$D$933,I$33,'سجل الأكشنات'!$J$2:$J$933,$A34) -> 88 | J34: =COUNTIFS('سجل الأكشنات'!$D$2:$D$933,J$33,'سجل الأكشنات'!$J$2:$J$933,$A34) -> 70 | K34: =COUNTIFS('سجل الأكشنات'!$D$2:$D$933,K$33,'سجل الأكشنات'!$J$2:$J$933,$A34) -> 213
A35: أكشن مختصر — لا يوضّح نتيجة التواصل أو الخطوة التالية | B35: =COUNTIF('سجل الأكشنات'!$J$2:$J$933,$A35) -> 57 | C35: =IF(932=0,0,B35/932) -> 0.061158798 | D35: =COUNTIFS('سجل الأكشنات'!$D$2:$D$933,D$33,'سجل الأكشنات'!$J$2:$J$933,$A35) -> 6 | E35: =COUNTIFS('سجل الأكشنات'!$D$2:$D$933,E$33,'سجل الأكشنات'!$J$2:$J$933,$A35) -> 3 | F35: =COUNTIFS('سجل الأكشنات'!$D$2:$D$933,F$33,'سجل الأكشنات'!$J$2:$J$933,$A35) -> 22 | G35: =COUNTIFS('سجل الأكشنات'!$D$2:$D$933,G$33,'سجل الأكشنات'!$J$2:$J$933,$A35) -> 1 | H35: =COUNTIFS('سجل الأكشنات'!$D$2:$D$933,H$33,'سجل الأكشنات'!$J$2:$J$933,$A35) -> 2 | I35: =COUNTIFS('سجل الأكشنات'!$D$2:$D$933,I$33,'سجل الأكشنات'!$J$2:$J$933,$A35) -> 7 | J35: =COUNTIFS('سجل الأكشنات'!$D$2:$D$933,J$33,'سجل الأكشنات'!$J$2:$J$933,$A35) -> 16 | K35: =COUNTIFS('سجل الأكشنات'!$D$2:$D$933,K$33,'سجل الأكشنات'!$J$2:$J$933,$A35) -> 0
A36: أكشن مختصر جداً — النص تلقائي/عام بدون تفاصيل الزيارة أو نتيجتها | B36: =COUNTIF('سجل الأكشنات'!$J$2:$J$933,$A36) -> 42 | C36: =IF(932=0,0,B36/932) -> 0.045064378 | D36: =COUNTIFS('سجل الأكشنات'!$D$2:$D$933,D$33,'سجل الأكشنات'!$J$2:$J$933,$A36) -> 0 | E36: =COUNTIFS('سجل الأكشنات'!$D$2:$D$933,E$33,'سجل الأكشنات'!$J$2:$J$933,$A36) -> 8 | F36: =COUNTIFS('سجل الأكشنات'!$D$2:$D$933,F$33,'سجل الأكشنات'!$J$2:$J$933,$A36) -> 3 | G36: =COUNTIFS('سجل الأكشنات'!$D$2:$D$933,G$33,'سجل الأكشنات'!$J$2:$J$933,$A36) -> 1 | H36: =COUNTIFS('سجل الأكشنات'!$D$2:$D$933,H$33,'سجل الأكشنات'!$J$2:$J$933,$A36) -> 0 | I36: =COUNTIFS('سجل الأكشنات'!$D$2:$D$933,I$33,'سجل الأكشنات'!$J$2:$J$933,$A36) -> 6 | J36: =COUNTIFS('سجل الأكشنات'!$D$2:$D$933,J$33,'سجل الأكشنات'!$J$2:$J$933,$A36) -> 9 | K36: =COUNTIFS('سجل الأكشنات'!$D$2:$D$933,K$33,'سجل الأكشنات'!$J$2:$J$933,$A36) -> 15
A37: ملاحظة مسجّلة بدون أي نص | B37: =COUNTIF('سجل الأكشنات'!$J$2:$J$933,$A37) -> 17 | C37: =IF(932=0,0,B37/932) -> 0.018240343 | D37: =COUNTIFS('سجل الأكشنات'!$D$2:$D$933,D$33,'سجل الأكشنات'!$J$2:$J$933,$A37) -> 1 | E37: =COUNTIFS('سجل الأكشنات'!$D$2:$D$933,E$33,'سجل الأكشنات'!$J$2:$J$933,$A37) -> 6 | F37: =COUNTIFS('سجل الأكشنات'!$D$2:$D$933,F$33,'سجل الأكشنات'!$J$2:$J$933,$A37) -> 0 | G37: =COUNTIFS('سجل الأكشنات'!$D$2:$D$933,G$33,'سجل الأكشنات'!$J$2:$J$933,$A37) -> 0 | H37: =COUNTIFS('سجل الأكشنات'!$D$2:$D$933,H$33,'سجل الأكشنات'!$J$2:$J$933,$A37) -> 0 | I37: =COUNTIFS('سجل الأكشنات'!$D$2:$D$933,I$33,'سجل الأكشنات'!$J$2:$J$933,$A37) -> 0 | J37: =COUNTIFS('سجل الأكشنات'!$D$2:$D$933,J$33,'سجل الأكشنات'!$J$2:$J$933,$A37) -> 0 | K37: =COUNTIFS('سجل الأكشنات'!$D$2:$D$933,K$33,'سجل الأكشنات'!$J$2:$J$933,$A37) -> 10
A40: رابعاً: الملاحظة المجمّعة لكل مندوب
A41: المندوب | B41: عدد الفرص | C41: عدد الأكشنات | D41: الملاحظة
A42: Abdullhadi AlHariri | B42: 51 | C42: 132
A43: Ahmed AlDinary | B43: 47 | C43: 124
A44: Ahmed Alattar | B44: 30 | C44: 73
A45: Ahmed Salah | B45: 23 | C45: 80
A46: Hossam Radi | B46: 0 | C46: 16
A47: Mohamed Saqr | B47: 13 | C47: 73
A48: Mohammed Jamal | B48: 97 | C48: 101
A49: Ramy Moussa | B49: 34 | C49: 95
A50: Yossry Fayez | B50: 76 | C50: 238

Sheet تفاصيل الفرص
A1: رقم الفرصة | B1: التاريخ | C1: الوقت | D1: المندوب | E1: الفريق | F1: المرحلة | G1: اسم الفرصة | H1: اسم العميل | I1: اسم العميل ✓ | J1: Plot Number | K1: Plot Number ✓ | L1: الاستشاري | M1: الاستشاري ✓ | N1: المقاول | O1: المقاول ✓ | P1: Tags | Q1: Tags ✓ | R1: عدد المرفقات | S1: مرفقات ✓ | T1: Source | U1: Source ✓ | V1: طول الملاحظات | W1: ملاحظات ✓ | X1: عدد النواقص | Y1: الملاحظة
A2: 43054 | B2: 2026-09-01 | C2: 09:55 | D2: Yossry Fayez | E2: Abu Dhabi, and Al Ain 1 | F2: Quotation | G2: مكتب تربل زيرو للاستشارات الهندسية- جيان | H2: مكتب تربل زيرو للاستشارات الهندسية | I2: نعم | K2: لا | L2: تربل زيرو للاستشارات الهندسية | M2: نعم | N2: جيانكم للمقاولات | O2: نعم | P2: تكييف, مصعد, مواقع | Q2: نعم | R2: 0 | S2: لا | T2: مواقع | U2: نعم | V2: 0 | W2: لا | X2: 3 | Y2: المندوب لم يكتب: Plot Number، مرفقات، ملاحظات (3 خانة ناقصة)
A3: 43060 | B3: 2026-09-01 | C3: 11:08 | D3: Yossry Fayez | E3: Abu Dhabi, and Al Ain 1 | F3: Clients | G3: السلمانية للمقاولات والعقارات | H3: السلمانية للمقاولات والعقارات | I3: نعم | K3: لا | L3: مكتب فراس للاستشارات الهندسية | M3: نعم | N3: السلمانية للمقاولات والعقارات | O3: نعم | P3: مصعد, مواقع | Q3: نعم | R3: 0 | S3: لا | T3: مواقع | U3: نعم | V3: 0 | W3: لا | X3: 3 | Y3: المندوب لم يكتب: Plot Number، مرفقات، ملاحظات (3 خانة ناقصة)
A4: 43066 | B4: 2026-09-01 | C4: 17:20 | D4: Mohammed Jamal | E4: Abu Dhabi, and Al Ain | F4: Clients | G4: الدوام اليوم's opportunity | H4: الدوام اليوم | I4: نعم | K4: لا | M4: لا | O4: لا | Q4: لا | R4: 0 | S4: لا | U4: لا | V4: 0 | W4: لا | X4: 7 | Y4: المندوب لم يكتب: Plot Number، الاستشاري، المقاول، Tags، مرفقات، Source، ملاحظات (7 خانة ناقصة)
A5: 43067 | B5: 2026-09-01 | C5: 21:02 | D5: Ahmed Alattar | E5: ADMIN | F5: Clients | G5: مكتب اوتاد للاستشارات والمقاولات's oppor | H5: مكتب اوتاد للاستشارات والمقاولات | I5: نعم | K5: لا | L5: مكتب اوتاد للاستشارات الهندسية | M5: نعم | N5: اوتاد للمقاولات | O5: نعم | P5: مكتب استشارات, مكتب مقاولات | Q5: نعم | R5: 0 | S5: لا | U5: لا | V5: 0 | W5: لا | X5: 4 | Y5: المندوب لم يكتب: Plot Number، مرفقات، Source، ملاحظات (4 خانة ناقصة)
A6: 43070 | B6: 2026-09-02 | C6: 10:59 | D6: Yossry Fayez | E6: Abu Dhabi, and Al Ain 1 | F6: Clients | G6: النشمي للاستشارات الهندسية- دلة البنيان | H6: النشمي للاستشارات | I6: نعم | K6: لا | L6: النشمي للاستشارت الهندسية | M6: نعم | N6: دلة البنيان للمقاولات العامة | O6: نعم | P6: مواقع | Q6: نعم | R6: 0 | S6: لا | T6: مكاتب | U6: نعم | V6: 0 | W6: لا | X6: 3 | Y6: المندوب لم يكتب: Plot Number، مرفقات، ملاحظات (3 خانة ناقصة)
A7: 43074 | B7: 2026-09-02 | C7: 13:04 | D7: Abdullhadi AlHariri | E7: Abu Dhabi, and Al Ain 1 | F7: Clients | G7: فرصة محمد الحارثي | H7: محمد الحارثي | I7: نعم | K7: لا | M7: لا | O7: لا | P7: مصعد | Q7: نعم | R7: 0 | S7: لا | U7: لا | V7: 24 | W7: نعم | X7: 5 | Y7: المندوب لم يكتب: Plot Number، الاستشاري، المقاول، مرفقات، Source (5 خانة ناقصة)
A8: 43075 | B8: 2026-09-02 | C8: 13:46 | D8: Abdullhadi AlHariri | E8: Abu Dhabi, and Al Ain 1 | F8: Clients | G8: فرصة ابوسلطان \\\\ خال بدر الكندي | H8: ابوسلطان \\\\ خال بدر الكندي | I8: نعم | K8: لا | M8: لا | O8: لا | Q8: لا | R8: 0 | S8: لا | U8: لا | V8: 0 | W8: لا | X8: 7 | Y8: المندوب لم يكتب: Plot Number، الاستشاري، المقاول، Tags، مرفقات، Source، ملاحظات (7 خانة ناقصة)
A9: 43076 | B9: 2026-09-02 | C9: 13:57 | D9: Abdullhadi AlHariri | E9: Abu Dhabi, and Al Ain 1 | F9: Clients | G9: فرصة محمد احمد بن عمرو | H9: محمد احمد بن عمرو | I9: نعم | K9: لا | L9: اركال | M9: نعم | N9: كيس ديا كواليتي | O9: نعم | P9: مصعد | Q9: نعم | R9: 0 | S9: لا | U9: لا | V9: 0 | W9: لا | X9: 4 | Y9: المندوب لم يكتب: Plot Number، مرفقات، Source، ملاحظات (4 خانة ناقصة)
A10: 43077 | B10: 2026-09-02 | C10: 14:02 | D10: Ahmed Alattar | E10: ADMIN | F10: Clients | G10: مكتب بلديانو للعقارات's opportunity | H10: مكتب بلديانو للعقارات | I10: نعم | K10: لا | M10: لا | O10: لا | P10: مكتب مقاولات | Q10: نعم | R10: 0 | S10: لا | U10: لا | V10: 37 | W10: نعم | X10: 5 | Y10: المندوب لم يكتب: Plot Number، الاستشاري، المقاول، مرفقات، Source (5 خانة ناقصة)
A11: 43078 | B11: 2026-09-02 | C11: 15:29 | D11: Yossry Fayez | E11: Abu Dhabi, and Al Ain 1 | F11: Clients | G11: النهضة الذهبية للمقاولات- سبوكس للاستثما | H11: النهضة الذهبية للمقاولات | I11: نعم | K11: لا | L11: رويال دوم للاستشارات الهندسية | M11: نعم | N11: النهضة الذهبية | O11: نعم | P11: عملاء مكاتب | Q11: نعم | R11: 0 | S11: لا | T11: مكاتب | U11: نعم | V11: 0 | W11: لا | X11: 3 | Y11: المندوب لم يكتب: Plot Number، مرفقات، ملاحظات (3 خانة ناقصة)
A12: 43081 | B12: 2026-09-02 | C12: 19:29 | D12: Mohammed Jamal | E12: Abu Dhabi, and Al Ain | F12: Clients | G12: لاميزون للمقاولات العامة's opportunity | H12: لاميزون للمقاولات العامة | I12: نعم | K12: لا | L12: كالتشر للاستشارات الهندسية | M12: نعم | O12: لا | P12: مواقع | Q12: نعم | R12: 0 | S12: لا | T12: مواقع | U12: نعم | V12: 0 | W12: لا | X12: 4 | Y12: المندوب لم يكتب: Plot Number، المقاول، مرفقات، ملاحظات (4 خانة ناقصة)
A13: 43082 | B13: 2026-09-02 | C13: 19:30 | D13: Mohammed Jamal | E13: Abu Dhabi, and Al Ain | F13: Clients | G13: الكفاءات للمقاولات العامة's opportunity | H13: الكفاءات للمقاولات العامة | I13: نعم | K13: لا | L13: فريد دزاين للاستشارات | M13: نعم | O13: لا | P13: مواقع | Q13: نعم | R13: 0 | S13: لا | T13: مواقع | U13: نعم | V13: 0 | W13: لا | X13: 4 | Y13: المندوب لم يكتب: Plot Number، المقاول، مرفقات، ملاحظات (4 خانة ناقصة)
A14: 43083 | B14: 2026-09-02 | C14: 19:32 | D14: Mohammed Jamal | E14: Abu Dhabi, and Al Ain | F14: Clients | G14: ايجبيان للمقاولات العامة's opportunity | H14: ايجبيان للمقاولات العامة | I14: نعم | K14: لا | L14: بارين للمقاولات العامة | M14: نعم | O14: لا | P14: مواقع | Q14: نعم | R14: 0 | S14: لا | T14: مواقع | U14: نعم | V14: 0 | W14: لا | X14: 4 | Y14: المندوب لم يكتب: Plot Number، المقاول، مرفقات، ملاحظات (4 خانة ناقصة)
A15: 43084 | B15: 2026-09-02 | C15: 19:33 | D15: Mohammed Jamal | E15: Abu Dhabi, and Al Ain | F15: Clients | G15: معرض العين's opportunity | H15: معرض العين | I15: نعم | K15: لا | M15: لا | O15: لا | Q15: لا | R15: 0 | S15: لا | U15: لا | V15: 0 | W15: لا | X15: 7 | Y15: المندوب لم يكتب: Plot Number، الاستشاري، المقاول، Tags، مرفقات، Source، ملاحظات (7 خانة ناقصة)
A16: 43088 | B16: 2026-09-03 | C16: 11:25 | D16: Yossry Fayez | E16: Abu Dhabi, and Al Ain 1 | F16: Quotation | G16: الوشاح الابيض للمقاولات العامة- مسلم عوض | H16: الوشاح الابيض للمقاولات العامة | I16: نعم | K16: لا | L16: مكتب ريفييرا للاستشارات الهندسية | M16: نعم | N16: مكتب الوشاح الأبيض للمقاولات | O16: نعم | P16: عملاء مكاتب | Q16: نعم | R16: 0 | S16: لا | T16: مكاتب | U16: نعم | V16: 0 | W16: لا | X16: 3 | Y16: المندوب لم يكتب: Plot Number، مرفقات، ملاحظات (3 خانة ناقصة)
A17: 43099 | B17: 2026-09-03 | C17: 19:15 | D17: Mohammed Jamal | E17: Abu Dhabi, and Al Ain | F17: Clients | G17: معرض العين's opportunity | H17: معرض العين | I17: نعم | K17: لا | M17: لا | O17: لا | P17: مواقع | Q17: نعم | R17: 0 | S17: لا | T17: معرض | U17: نعم | V17: 0 | W17: لا | X17: 5 | Y17: المندوب لم يكتب: Plot Number، الاستشاري، المقاول، مرفقات، ملاحظات (5 خانة ناقصة)
A18: 43100 | B18: 2026-09-03 | C18: 23:14 | D18: Ahmed Alattar | E18: ADMIN | F18: Clients | G18: مكتب جلف هيلز للمقاولات's opportunity | H18: مكتب جلف هيلز للمقاولات | I18: نعم | K18: لا | M18: لا | N18: جلف هيلز للمقاولات | O18: نعم | P18: مكتب مقاولات | Q18: نعم | R18: 0 | S18: لا | U18: لا | V18: 0 | W18: لا | X18: 5 | Y18: المندوب لم يكتب: Plot Number، الاستشاري، مرفقات، Source، ملاحظات (5 خانة ناقصة)
A19: 43101 | B19: 2026-09-03 | C19: 23:22 | D19: Ahmed Alattar | E19: ADMIN | F19: Clients | G19: مكتب اليزان للمقاولات | H19: اليزان للمقاولات | I19: نعم | K19: لا | M19: لا | N19: اليزان للمقاولات العامة | O19: نعم | P19: مكتب مقاولات | Q19: نعم | R19: 0 | S19: لا | U19: لا | V19: 0 | W19: لا | X19: 5 | Y19: المندوب لم يكتب: Plot Number، الاستشاري، مرفقات، Source، ملاحظات (5 خانة ناقصة)
A20: 43102 | B20: 2026-09-03 | C20: 23:26 | D20: Ahmed Alattar | E20: ADMIN | F20: Clients | G20: مكتب ذا بلو ابل للاستشارات والمقاولات's | H20: مكتب ذا بلو ابل للاستشارات والمقاولات | I20: نعم | K20: لا | L20: ذا بلو ابل للاستشارات | M20: نعم | N20: ذا بلو ابل للمقاولات | O20: نعم | P20: مكتب استشارات, مكتب مقاولات | Q20: نعم | R20: 0 | S20: لا | U20: لا | V20: 23 | W20: نعم | X20: 3 | Y20: المندوب لم يكتب: Plot Number، مرفقات، Source (3 خانة ناقصة)
A21: 43103 | B21: 2026-09-03 | C21: 23:34 | D21: Ahmed Alattar | E21: ADMIN | F21: Clients | G21: مكتب تكنوميك's opportunity | H21: مكتب تكنوميك | I21: نعم | K21: لا | M21: لا | N21: تكنوميك للمقاولات | O21: نعم | P21: مكتب مقاولات | Q21: نعم | R21: 0 | S21: لا | U21: لا | V21: 36 | W21: نعم | X21: 4 | Y21: المندوب لم يكتب: Plot Number، الاستشاري، مرفقات، Source (4 خانة ناقصة)
A22: 43104 | B22: 2026-09-04 | C22: 22:18 | D22: Abdullhadi AlHariri | E22: Abu Dhabi, and Al Ain 1 | F22: Won | G22: فرصة بدر الكندي | H22: بدر الكندي | I22: نعم | J22: ١ | K22: نعم | L22: المؤيد | M22: نعم | N22: اسناد الخليج | O22: نعم | P22: متعاقد, مصعد | Q22: نعم | R22: 0 | S22: لا | U22: لا | V22: 0 | W22: لا | X22: 3 | Y22: المندوب لم يكتب: مرفقات، Source، ملاحظات (3 خانة ناقصة)
A23: 43105 | B23: 2026-09-04 | C23: 22:45 | D23: Abdullhadi AlHariri | E23: Abu Dhabi, and Al Ain 1 | F23: Clients | G23: ام احمد حصه | H23: ام احمد حصه | I23: نعم | K23: لا | M23: لا | O23: لا | P23: مصعد | Q23: نعم | R23: 0 | S23: لا | U23: لا | V23: 0 | W23: لا | X23: 6 | Y23: المندوب لم يكتب: Plot Number، الاستشاري، المقاول، مرفقات، Source، ملاحظات (6 خانة ناقصة)
A24: 43106 | B24: 2026-09-05 | C24: 10:18 | D24: Yossry Fayez | E24: Abu Dhabi, and Al Ain 1 | F24: Clients | G24: سكاي للانشاءات- عبدالحكيم الزبيدي | H24: سكاي للانشاءات | I24: نعم | K24: لا | L24: قواعد للاستشارات الهندسيه | M24: نعم | N24: سكاي للانشاءات | O24: نعم | P24: مصعد, مواقع, سمارت هوم | Q24: نعم | R24: 0 | S24: لا | T24: مواقع | U24: نعم | V24: 0 | W24: لا | X24: 3 | Y24: المندوب لم يكتب: Plot Number، مرفقات، ملاحظات (3 خانة ناقصة)
A25: 43107 | B25: 2026-09-05 | C25: 12:06 | D25: Yossry Fayez | E25: Abu Dhabi, and Al Ain 1 | F25: Clients | G25: كابلرز للمقاولات العامة- ام بي اي للاستش | H25: كابلرز للمقاولات العامة | I25: نعم | K25: لا | L25: مكتب ام بي اي للاستشارات الهندسي | M25: نعم | N25: كابلرز | O25: نعم | P25: مصعد, مواقع | Q25: نعم | R25: 0 | S25: لا | T25: مواقع | U25: نعم | V25: 0 | W25: لا | X25: 3 | Y25: المندوب لم يكتب: Plot Number، مرفقات، ملاحظات (3 خانة ناقصة)
A26: 43108 | B26: 2026-09-05 | C26: 12:13 | D26: Yossry Fayez | E26: Abu Dhabi, and Al Ain 1 | F26: Clients | G26: اونكس للاستشارات- للاستشارات- توليدو للم | H26: اونكس للاستشارات | I26: نعم | K26: لا | L26: اونكس للاستشارات الهندسية | M26: نعم | N26: توليدو للمقاولات العامة | O26: نعم | Q26: لا | R26: 0 | S26: لا | T26: مواقع | U26: نعم | V26: 0 | W26: لا | X26: 4 | Y26: المندوب لم يكتب: Plot Number، Tags، مرفقات، ملاحظات (4 خانة ناقصة)
A27: 43116 | B27: 2026-09-05 | C27: 15:29 | D27: Ahmed Salah | E27: Abu Dhabi, and Al Ain 1 | F27: Clients | G27: محمد بخيت سهيل الراشدي | I27: لا | K27: لا | M27: لا | O27: لا | Q27: لا | R27: 0 | S27: لا | U27: لا | V27: 0 | W27: لا | X27: 8 | Y27: المندوب لم يكتب: اسم العميل، Plot Number، الاستشاري، المقاول، Tags، مرفقات، Source، ملاحظات (8 خانة ناقصة)
A28: 43118 | B28: 2026-09-05 | C28: 16:02 | D28: Ahmed Alattar | E28: ADMIN | F28: Clients | G28: مكتب ديار عجمان للمقاولات's opportunity | H28: مكتب ديار عجمان للمقاولات | I28: نعم | K28: لا | M28: لا | N28: ديار عجمان للمقاولات | O28: نعم | P28: مكتب مقاولات | Q28: نعم | R28: 0 | S28: لا | U28: لا | V28: 0 | W28: لا | X28: 5 | Y28: المندوب لم يكتب: Plot Number، الاستشاري، مرفقات، Source، ملاحظات (5 خانة ناقصة)
A29: 43119 | B29: 2026-09-05 | C29: 16:30 | D29: Mohammed Jamal | E29: Abu Dhabi, and Al Ain | F29: Clients | G29: العصر الفضي للمقاولات's opportunity | H29: العصر الفضي للمقاولات | I29: نعم | K29: لا | L29: البحري للاستشارات الهندسية | M29: نعم | N29: العصر الفضي للمقاولات | O29: نعم | P29: مواقع | Q29: نعم | R29: 0 | S29: لا | T29: مواقع | U29: نعم | V29: 0 | W29: لا | X29: 3 | Y29: المندوب لم يكتب: Plot Number، مرفقات، ملاحظات (3 خانة ناقصة)
A30: 43120 | B30: 2026-09-05 | C30: 16:32 | D30: Mohammed Jamal | E30: Abu Dhabi, and Al Ain | F30: Clients | G30: الكواكب للمقاولات العامة's opportunity | H30: الكواكب للمقاولات العامة | I30: نعم | K30: لا | M30: لا | O30: لا | P30: مواقع | Q30: نعم | R30: 0 | S30: لا | T30: مواقع | U30: نعم | V30: 0 | W30: لا | X30: 5 | Y30: المندوب لم يكتب: Plot Number، الاستشاري، المقاول، مرفقات، ملاحظات (5 خانة ناقصة)
A31: 43121 | B31: 2026-09-05 | C31: 16:34 | D31: Mohammed Jamal | E31: Abu Dhabi, and Al Ain | F31: Clients | G31: تلال الغدير للمقاولات's opportunity | H31: تلال الغدير للمقاولات | I31: نعم | K31: لا | M31: لا | O31: لا | Q31: لا | R31: 0 | S31: لا | U31: لا | V31: 0 | W31: لا | X31: 7 | Y31: المندوب لم يكتب: Plot Number، الاستشاري، المقاول، Tags، مرفقات، Source، ملاحظات (7 خانة ناقصة)
A32: 43122 | B32: 2026-09-05 | C32: 16:34 | D32: Mohammed Jamal | E32: Abu Dhabi, and Al Ain | F32: Clients | G32: تلال الغدير للمقاولات's opportunity | H32: تلال الغدير للمقاولات | I32: نعم | K32: لا | L32: ديماس للاستشارات الهندسية | M32: نعم | O32: لا | P32: مواقع | Q32: نعم | R32: 0 | S32: لا | T32: مواقع | U32: نعم | V32: 0 | W32: لا | X32: 4 | Y32: المندوب لم يكتب: Plot Number، المقاول، مرفقات، ملاحظات (4 خانة ناقصة)
A33: 43123 | B33: 2026-09-05 | C33: 16:38 | D33: Mohammed Jamal | E33: Abu Dhabi, and Al Ain | F33: Clients | G33: التميز الهندسي للمقاولات العامة's opport | H33: التميز الهندسي للمقاولات العامة | I33: نعم | K33: لا | L33: اركال للاستشارات الهندسية | M33: نعم | N33: التميز الهندسي للمقاولات | O33: نعم | P33: مواقع | Q33: نعم | R33: 0 | S33: لا | T33: مواقع | U33: نعم | V33: 0 | W33: لا | X33: 3 | Y33: المندوب لم يكتب: Plot Number، مرفقات، ملاحظات (3 خانة ناقصة)
A34: 43124 | B34: 2026-09-05 | C34: 16:42 | D34: Abdullhadi AlHariri | E34: Abu Dhabi, and Al Ain 1 | F34: Clients | G34: ابراهيم بن عيسي العلي | H34: ابراهيم بن عيسي العلي | I34: نعم | K34: لا | L34: الامل | M34: نعم | O34: لا | P34: معرض, مصعد | Q34: نعم | R34: 0 | S34: لا | U34: لا | V34: 0 | W34: لا | X34: 5 | Y34: المندوب لم يكتب: Plot Number، المقاول، مرفقات، Source، ملاحظات (5 خانة ناقصة)
A35: 43126 | B35: 2026-09-05 | C35: 16:45 | D35: Ramy Moussa | E35: Abu Dhabi, and Al Ain | F35: Clients | G35: مؤسسه البحث للمقاولات's opportunity | H35: مؤسسه البحث للمقاولات | I35: نعم | K35: لا | M35: لا | O35: لا | Q35: لا | R35: 0 | S35: لا | U35: لا | V35: 0 | W35: لا | X35: 7 | Y35: المندوب لم يكتب: Plot Number، الاستشاري، المقاول، Tags، مرفقات، Source، ملاحظات (7 خانة ناقصة)
A36: 43127 | B36: 2026-09-05 | C36: 16:46 | D36: Ramy Moussa | E36: Abu Dhabi, and Al Ain | F36: Clients | G36: عبدالله مصبح الكعبي's opportunity | H36: عبدالله مصبح الكعبي | I36: نعم | K36: لا | M36: لا | O36: لا | Q36: لا | R36: 0 | S36: لا | U36: لا | V36: 0 | W36: لا | X36: 7 | Y36: المندوب لم يكتب: Plot Number، الاستشاري، المقاول، Tags، مرفقات، Source، ملاحظات (7 خانة ناقصة)
A37: 43129 | B37: 2026-09-05 | C37: 17:04 | D37: Yossry Fayez | E37: Abu Dhabi, and Al Ain 1 | F37: Quotation | G37: هيفين للمقاولات العامة- عباس درويش لاري | H37: هيفين للمقاولات العامة | I37: نعم | K37: لا | M37: لا | N37: هيفين للمقاولات العامة | O37: نعم | P37: مصعد, عملاء مكاتب | Q37: نعم | R37: 0 | S37: لا | T37: مواقع | U37: نعم | V37: 0 | W37: لا | X37: 4 | Y37: المندوب لم يكتب: Plot Number، الاستشاري، مرفقات، ملاحظات (4 خانة ناقصة)
A38: 43130 | B38: 2026-09-05 | C38: 21:12 | D38: Ahmed Alattar | E38: ADMIN | F38: Clients | G38: مكتب الحوتى للمقاولات's opportunity | H38: مكتب الحوتى للمقاولات | I38: نعم | K38: لا | M38: لا | N38: الحوتى للمقاولات | O38: نعم | P38: مكتب مقاولات | Q38: نعم | R38: 0 | S38: لا | U38: لا | V38: 0 | W38: لا | X38: 5 | Y38: المندوب لم يكتب: Plot Number، الاستشاري، مرفقات، Source، ملاحظات (5 خانة ناقصة)
A39: 43155 | B39: 2026-09-06 | C39: 19:48 | D39: Mohammed Jamal | E39: Abu Dhabi, and Al Ain | F39: Clients | G39: الدوام اليوم | I39: لا | K39: لا | M39: لا | O39: لا | P39: مكتب | Q39: نعم | R39: 0 | S39: لا | U39: لا | V39: 0 | W39: لا | X39: 7 | Y39: المندوب لم يكتب: اسم العميل، Plot Number، الاستشاري، المقاول، مرفقات، Source، ملاحظات (7 خانة ناقصة)
A40: 43167 | B40: 2026-09-07 | C40: 11:30 | D40: Mohamed Saqr | E40: Abu Dhabi, and Al Ain | F40: Clients | G40: حمد الهاجري | I40: لا | K40: لا | M40: لا | O40: لا | Q40: لا | R40: 0 | S40: لا | U40: لا | V40: 0 | W40: لا | X40: 8 | Y40: المندوب لم يكتب: اسم العميل، Plot Number، الاستشاري، المقاول، Tags، مرفقات، Source، ملاحظات (8 خانة ناقصة)
A41: 43189 | B41: 2026-09-07 | C41: 16:27 | D41: Yossry Fayez | E41: Abu Dhabi, and Al Ain 1 | F41: Clients | G41: السنابل الفنية للمقاولات العامة- فراس لل | H41: السنابل الفنية للمقاولات العامة | I41: نعم | K41: لا | L41: مكتب فراس للاستشارات الهندسية | M41: نعم | N41: السنابل الفنية | O41: نعم | P41: مصعد, عملاء مكاتب | Q41: نعم | R41: 0 | S41: لا | T41: مكاتب | U41: نعم | V41: 0 | W41: لا | X41: 3 | Y41: المندوب لم يكتب: Plot Number، مرفقات، ملاحظات (3 خانة ناقصة)
A42: 43190 | B42: 2026-09-07 | C42: 16:58 | D42: Yossry Fayez | E42: Abu Dhabi, and Al Ain 1 | F42: Clients | G42: فيرست ستار للمقاولات العامة- محمد عوض ال | H42: فيرست ستار للمقاولات العامة | I42: نعم | K42: لا | L42: ساكن البيت | M42: نعم | N42: فيرست ستار للمقاولات العامة | O42: نعم | P42: عملاء مكاتب | Q42: نعم | R42: 0 | S42: لا | T42: مكاتب | U42: نعم | V42: 0 | W42: لا | X42: 3 | Y42: المندوب لم يكتب: Plot Number، مرفقات، ملاحظات (3 خانة ناقصة)
A43: 43191 | B43: 2026-09-07 | C43: 17:18 | D43: Yossry Fayez | E43: Abu Dhabi, and Al Ain 1 | F43: Clients | G43: الحصن الأخضر للمقاولات العامة- ايكوينوفا | H43: الحصن الأخضر للمقاولات العامة | I43: نعم | K43: لا | L43: مكتب ايكوينوفا للاستشارات الهندس | M43: نعم | N43: الحصن الأخضر للمقاولات العامة | O43: نعم | P43: مصعد, مواقع | Q43: نعم | R43: 0 | S43: لا | T43: مواقع | U43: نعم | V43: 0 | W43: لا | X43: 3 | Y43: المندوب لم يكتب: Plot Number، مرفقات، ملاحظات (3 خانة ناقصة)
A44: 43192 | B44: 2026-09-07 | C44: 17:45 | D44: Mohammed Jamal | E44: Abu Dhabi, and Al Ain | F44: Clients | G44: دوام اليوم's opportunity | H44: دوام اليوم | I44: نعم | K44: لا | M44: لا | O44: لا | Q44: لا | R44: 0 | S44: لا | U44: لا | V44: 0 | W44: لا | X44: 7 | Y44: المندوب لم يكتب: Plot Number، الاستشاري، المقاول، Tags، مرفقات، Source، ملاحظات (7 خانة ناقصة)
A45: 43193 | B45: 2026-09-07 | C45: 18:38 | D45: Ramy Moussa | E45: Abu Dhabi, and Al Ain | F45: Clients | G45: سعيد مصبح الكعبي | H45: سعيد مصبح الكعبي | I45: نعم | K45: لا | L45: ارش انترناشيونال | M45: نعم | N45: خط البنفسج | O45: نعم | P45: تكييف, مصعد, Smart hoom | Q45: نعم | R45: 0 | S45: لا | T45: مكاتب | U45: نعم | V45: 0 | W45: لا | X45: 3 | Y45: المندوب لم يكتب: Plot Number، مرفقات، ملاحظات (3 خانة ناقصة)
A46: 43194 | B46: 2026-09-07 | C46: 18:42 | D46: Ramy Moussa | E46: Abu Dhabi, and Al Ain | F46: After Sale | G46: ناصر عبدالله حمدان الكعبي | H46: ناصر الكعبي | I46: نعم | K46: لا | M46: لا | O46: لا | Q46: لا | R46: 0 | S46: لا | U46: لا | V46: 0 | W46: لا | X46: 7 | Y46: المندوب لم يكتب: Plot Number، الاستشاري، المقاول، Tags، مرفقات، Source، ملاحظات (7 خانة ناقصة)
A47: 43195 | B47: 2026-09-07 | C47: 18:44 | D47: Ramy Moussa | E47: Abu Dhabi, and Al Ain | F47: After Sale | G47: سالم عبدالله حمدان الكعبي | H47: سالم الكعبي | I47: نعم | K47: لا | L47: مكتب برايم للاستشارات الهندسية | M47: نعم | N47: نجوم الشام للمقاولات العامة | O47: نعم | Q47: لا | R47: 0 | S47: لا | U47: لا | V47: 0 | W47: لا | X47: 5 | Y47: المندوب لم يكتب: Plot Number، Tags، مرفقات، Source، ملاحظات (5 خانة ناقصة)
A48: 43196 | B48: 2026-09-07 | C48: 18:45 | D48: Ramy Moussa | E48: Abu Dhabi, and Al Ain | F48: Clients | G48: سيف جمعه الكعبي | H48: سيف الكعبي | I48: نعم | K48: لا | L48: مكتب برايم للاستشارات الهندسية | M48: نعم | N48: نجوم الشام للمقاولات العامة | O48: نعم | Q48: لا | R48: 0 | S48: لا | U48: لا | V48: 0 | W48: لا | X48: 5 | Y48: المندوب لم يكتب: Plot Number، Tags، مرفقات، Source، ملاحظات (5 خانة ناقصة)
A49: 43197 | B49: 2026-09-07 | C49: 19:34 | D49: Abdullhadi AlHariri | E49: Abu Dhabi, and Al Ain 1 | F49: Clients | G49: فرصة محمد جمال الخوري معرض ٩ | H49: محمد جمال الخوري معرض ٩ | I49: نعم | K49: لا | M49: لا | O49: لا | Q49: لا | R49: 0 | S49: لا | U49: لا | V49: 0 | W49: لا | X49: 7 | Y49: المندوب لم يكتب: Plot Number، الاستشاري، المقاول، Tags، مرفقات، Source، ملاحظات (7 خانة ناقصة)
A50: 43200 | B50: 2026-09-07 | C50: 23:11 | D50: Ahmed Salah | E50: Abu Dhabi, and Al Ain 1 | F50: Won | G50: عبدالله محمد سلطان ال علي | I50: لا | J50: 57 | K50: نعم | L50: انتر سيتي للاستشارات | M50: نعم | O50: لا | P50: مصاعد | Q50: نعم | R50: 0 | S50: لا | U50: لا | V50: 0 | W50: لا | X50: 5 | Y50: المندوب لم يكتب: اسم العميل، المقاول، مرفقات، Source، ملاحظات (5 خانة ناقصة)
A51: 43201 | B51: 2026-09-08 | C51: 08:57 | D51: Yossry Fayez | E51: Abu Dhabi, and Al Ain 1 | F51: Clients | G51: ايكوينوفا للاستشارات الهندسية- ريتان للم | H51: ايكوينوفا للاستشارات الهندسية | I51: نعم | K51: لا | L51: مكتب ايكوينوفا للاستشارات الهندس | M51: نعم | N51: ريتان للمقاولات العامة | O51: نعم | P51: مصعد, مواقع | Q51: نعم | R51: 0 | S51: لا | T51: مواقع | U51: نعم | V51: 0 | W51: لا | X51: 3 | Y51: المندوب لم يكتب: Plot Number، مرفقات، ملاحظات (3 خانة ناقصة)
A52: 43202 | B52: 2026-09-08 | C52: 09:08 | D52: Yossry Fayez | E52: Abu Dhabi, and Al Ain 1 | F52: Clients | G52: ايبلا للاستشارات- ام جي كي اس للمقاولات | H52: ايبلا للاستشارات | I52: نعم | K52: لا | L52: مكتب ايبلا للاستشارات الهندسية | M52: نعم | N52: ام جي كي اس للمقاولات العامة | O52: نعم | P52: مصعد, مواقع | Q52: نعم | R52: 0 | S52: لا | T52: مواقع | U52: نعم | V52: 0 | W52: لا | X52: 3 | Y52: المندوب لم يكتب: Plot Number، مرفقات، ملاحظات (3 خانة ناقصة)
A53: 43208 | B53: 2026-09-08 | C53: 14:43 | D53: Abdullhadi AlHariri | E53: Abu Dhabi, and Al Ain 1 | F53: Offices | G53: فرصة حمدان اليافعي معرض 9 | H53: حمدان اليافعي معرض 9 | I53: نعم | J53: 166 | K53: نعم | L53: جلوري للاستشارات | M53: نعم | N53: اوتكو | O53: نعم | P53: تكييف, معرض, مصعد | Q53: نعم | R53: 0 | S53: لا | U53: لا | V53: 0 | W53: لا | X53: 3 | Y53: المندوب لم يكتب: مرفقات، Source، ملاحظات (3 خانة ناقصة)
A54: 43209 | B54: 2026-09-08 | C54: 14:52 | D54: Abdullhadi AlHariri | E54: Abu Dhabi, and Al Ain 1 | F54: Offices | G54: فرصة م عمرو الفرماوي فلاريا للاستشارات | H54: م عمرو الفرماوي فلاريا للاستشارات | I54: نعم | K54: لا | L54: فلاريا | M54: نعم | O54: لا | P54: مكتب استشارات | Q54: نعم | R54: 0 | S54: لا | U54: لا | V54: 0 | W54: لا | X54: 5 | Y54: المندوب لم يكتب: Plot Number، المقاول، مرفقات، Source، ملاحظات (5 خانة ناقصة)
A55: 43213 | B55: 2026-09-08 | C55: 15:36 | D55: Mohamed Saqr | E55: Abu Dhabi, and Al Ain | F55: Offices | G55: عمر الفزاري | I55: لا | K55: لا | M55: لا | O55: لا | Q55: لا | R55: 0 | S55: لا | U55: لا | V55: 0 | W55: لا | X55: 8 | Y55: المندوب لم يكتب: اسم العميل، Plot Number، الاستشاري، المقاول، Tags، مرفقات، Source، ملاحظات (8 خانة ناقصة)
A56: 43228 | B56: 2026-09-08 | C56: 16:02 | D56: Ahmed Salah | E56: Abu Dhabi, and Al Ain 1 | F56: Offices | G56: فيلا خاصه | I56: لا | J56: 59 | K56: نعم | L56: انتر سيتي للاستشارات | M56: نعم | N56: سايا للصيانه والمقاولات العامه | O56: نعم | P56: عرض سعر مصعد | Q56: نعم | R56: 0 | S56: لا | U56: لا | V56: 0 | W56: لا | X56: 4 | Y56: المندوب لم يكتب: اسم العميل، مرفقات، Source، ملاحظات (4 خانة ناقصة)
A57: 43229 | B57: 2026-09-08 | C57: 16:02 | D57: Ahmed Salah | E57: Abu Dhabi, and Al Ain 1 | F57: Offices | G57: حمد علي يوسف السويدي | I57: لا | J57: 308 | K57: نعم | L57: البحري للاستشارات الهندسية | M57: نعم | N57: سايا للصيانه والمقاولات العامه | O57: نعم | P57: عرض سعر مصعد | Q57: نعم | R57: 0 | S57: لا | U57: لا | V57: 0 | W57: لا | X57: 4 | Y57: المندوب لم يكتب: اسم العميل، مرفقات، Source، ملاحظات (4 خانة ناقصة)
A58: 43237 | B58: 2026-09-08 | C58: 16:19 | D58: Ahmed Salah | E58: Abu Dhabi, and Al Ain 1 | F58: Offices | G58: استون ماستر للمقاولات العامه | I58: لا | K58: لا | L58: الحوار للاستشارات الهندسية | M58: نعم | N58: استون ماستر لللمقاولات | O58: نعم | Q58: لا | R58: 0 | S58: لا | U58: لا | V58: 0 | W58: لا | X58: 6 | Y58: المندوب لم يكتب: اسم العميل، Plot Number، Tags، مرفقات، Source، ملاحظات (6 خانة ناقصة)
A59: 43249 | B59: 2026-09-08 | C59: 17:29 | D59: Ahmed Alattar | E59: ADMIN | F59: Clients | G59: مكتب برو سيفيل للمقاولات العامة's opport | H59: مكتب برو سيفيل للمقاولات العامة | I59: نعم | K59: لا | M59: لا | N59: برو سيفيل للمقاولات | O59: نعم | P59: مكتب مقاولات | Q59: نعم | R59: 0 | S59: لا | U59: لا | V59: 0 | W59: لا | X59: 5 | Y59: المندوب لم يكتب: Plot Number، الاستشاري، مرفقات، Source، ملاحظات (5 خانة ناقصة)
A60: 43250 | B60: 2026-09-08 | C60: 17:33 | D60: Ahmed Alattar | E60: ADMIN | F60: Clients | G60: مكتب النشمي للاستشارات الهندسية's opport | H60: مكتب النشمي للاستشارات الهندسية | I60: نعم | K60: لا | L60: النشمي للاستشارت الهندسية | M60: نعم | O60: لا | P60: مكتب استشارات | Q60: نعم | R60: 0 | S60: لا | U60: لا | V60: 0 | W60: لا | X60: 5 | Y60: المندوب لم يكتب: Plot Number، المقاول، مرفقات، Source، ملاحظات (5 خانة ناقصة)
A61: 43252 | B61: 2026-09-08 | C61: 19:41 | D61: Mohammed Jamal | E61: Abu Dhabi, and Al Ain | F61: Offices | G61: كالتشر للاستشارات الهندسية's opportunity | H61: كالتشر للاستشارات الهندسية | I61: نعم | K61: لا | M61: لا | O61: لا | P61: مكتب استشارات | Q61: نعم | R61: 0 | S61: لا | U61: لا | V61: 0 | W61: لا | X61: 6 | Y61: المندوب لم يكتب: Plot Number، الاستشاري، المقاول، مرفقات، Source، ملاحظات (6 خانة ناقصة)
A62: 43253 | B62: 2026-09-08 | C62: 19:43 | D62: Mohammed Jamal | E62: Abu Dhabi, and Al Ain | F62: Offices | G62: الكفاءات الهندسه للمقاولات's opportunity | H62: الكفاءات الهندسه للمقاولات | I62: نعم | K62: لا | M62: لا | O62: لا | P62: مكتب مقاولات | Q62: نعم | R62: 0 | S62: لا | U62: لا | V62: 0 | W62: لا | X62: 6 | Y62: المندوب لم يكتب: Plot Number، الاستشاري، المقاول، مرفقات، Source، ملاحظات (6 خانة ناقصة)
A63: 43254 | B63: 2026-09-08 | C63: 19:44 | D63: Mohammed Jamal | E63: Abu Dhabi, and Al Ain | F63: Offices | G63: ايجبيان للمقاولات العامة's opportunity | H63: ايجبيان للمقاولات العامة | I63: نعم | K63: لا | M63: لا | O63: لا | P63: مكتب مقاولات | Q63: نعم | R63: 0 | S63: لا | T63: مكاتب | U63: نعم | V63: 0 | W63: لا | X63: 5 | Y63: المندوب لم يكتب: Plot Number، الاستشاري، المقاول، مرفقات، ملاحظات (5 خانة ناقصة)
A64: 43255 | B64: 2026-09-08 | C64: 19:46 | D64: Mohammed Jamal | E64: Abu Dhabi, and Al Ain | F64: Offices | G64: استفنس للمقاولات العامة's opportunity | H64: استفنس للمقاولات العامة | I64: نعم | K64: لا | M64: لا | O64: لا | P64: مكتب مقاولات | Q64: نعم | R64: 0 | S64: لا | T64: مكاتب | U64: نعم | V64: 0 | W64: لا | X64: 5 | Y64: المندوب لم يكتب: Plot Number، الاستشاري، المقاول، مرفقات، ملاحظات (5 خانة ناقصة)
A65: 43256 | B65: 2026-09-08 | C65: 19:47 | D65: Mohammed Jamal | E65: Abu Dhabi, and Al Ain | F65: Offices | G65: القصور العالمية للمقاولات العامة's oppor | H65: القصور العالمية للمقاولات العامة | I65: نعم | K65: لا | M65: لا | O65: لا | P65: مكتب مقاولات | Q65: نعم | R65: 0 | S65: لا | T65: مكاتب | U65: نعم | V65: 0 | W65: لا | X65: 5 | Y65: المندوب لم يكتب: Plot Number، الاستشاري، المقاول، مرفقات، ملاحظات (5 خانة ناقصة)
A66: 43257 | B66: 2026-09-08 | C66: 19:48 | D66: Mohammed Jamal | E66: Abu Dhabi, and Al Ain | F66: Offices | G66: ديماس للاستشارات الهندسية's opportunity | H66: ديماس للاستشارات الهندسية | I66: نعم | K66: لا | M66: لا | O66: لا | P66: مكتب استشارات | Q66: نعم | R66: 0 | S66: لا | T66: مكاتب | U66: نعم | V66: 0 | W66: لا | X66: 5 | Y66: المندوب لم يكتب: Plot Number، الاستشاري، المقاول، مرفقات، ملاحظات (5 خانة ناقصة)
A67: 43284 | B67: 2026-09-09 | C67: 16:01 | D67: Mohamed Saqr | E67: Abu Dhabi, and Al Ain | F67: Offices | G67: فيلا خاصه الموناليزا | I67: لا | K67: لا | L67: Emp | M67: نعم | N67: الموناليزا | O67: نعم | P67: مواقع | Q67: نعم | R67: 0 | S67: لا | T67: مواقع | U67: نعم | V67: 0 | W67: لا | X67: 4 | Y67: المندوب لم يكتب: اسم العميل، Plot Number، مرفقات، ملاحظات (4 خانة ناقصة)
A68: 43285 | B68: 2026-09-09 | C68: 16:04 | D68: Mohamed Saqr | E68: Abu Dhabi, and Al Ain | F68: Offices | G68: ام خليفه الملا | I68: لا | K68: لا | M68: لا | N68: مكتب الموناليزا للمقاولات العامه | O68: نعم | P68: مواقع | Q68: نعم | R68: 0 | S68: لا | U68: لا | V68: 0 | W68: لا | X68: 6 | Y68: المندوب لم يكتب: اسم العميل، Plot Number، الاستشاري، مرفقات، Source، ملاحظات (6 خانة ناقصة)
A69: 43286 | B69: 2026-09-09 | C69: 17:04 | D69: Mohamed Saqr | E69: Abu Dhabi, and Al Ain | F69: Offices | G69: راشد العريمي | I69: لا | K69: لا | M69: لا | O69: لا | Q69: لا | R69: 0 | S69: لا | U69: لا | V69: 0 | W69: لا | X69: 8 | Y69: المندوب لم يكتب: اسم العميل، Plot Number، الاستشاري، المقاول، Tags، مرفقات، Source، ملاحظات (8 خانة ناقصة)
A70: 43287 | B70: 2026-09-09 | C70: 17:40 | D70: Abdullhadi AlHariri | E70: Abu Dhabi, and Al Ain 1 | F70: Offices | G70: فرصة م احمد طاهر هوم ميكر للاستشارات | H70: م احمد طاهر هوم ميكر للاستشارات | I70: نعم | K70: لا | L70: هوم ميكر | M70: نعم | O70: لا | P70: مكتب استشارات | Q70: نعم | R70: 0 | S70: لا | U70: لا | V70: 0 | W70: لا | X70: 5 | Y70: المندوب لم يكتب: Plot Number، المقاول، مرفقات، Source، ملاحظات (5 خانة ناقصة)
A71: 43288 | B71: 2026-09-09 | C71: 17:42 | D71: Abdullhadi AlHariri | E71: Abu Dhabi, and Al Ain 1 | F71: Offices | G71: فرصة م خالد مدير الحداثه للاستشارات | H71: م خالد مدير الحداثه للاستشارات | I71: نعم | K71: لا | M71: لا | O71: لا | P71: مكتب استشارات | Q71: نعم | R71: 0 | S71: لا | U71: لا | V71: 0 | W71: لا | X71: 6 | Y71: المندوب لم يكتب: Plot Number، الاستشاري، المقاول، مرفقات، Source، ملاحظات (6 خانة ناقصة)
A72: 43296 | B72: 2026-09-09 | C72: 20:15 | D72: Ramy Moussa | E72: Abu Dhabi, and Al Ain | F72: Clients | G72: سيف الكتبي | H72: سيف الكتبي | I72: نعم | J72: الطوية | K72: نعم | L72: ديماس للاستشارات | M72: نعم | N72: ثاني بالرقاد | O72: نعم | P72: مصعد | Q72: نعم | R72: 0 | S72: لا | T72: مكاتب | U72: نعم | V72: 0 | W72: لا | X72: 2 | Y72: المندوب لم يكتب: مرفقات، ملاحظات (2 خانة ناقصة)
A73: 43297 | B73: 2026-09-09 | C73: 20:26 | D73: Ramy Moussa | E73: Abu Dhabi, and Al Ain | F73: After Sale | G73: سلطان الحاج الكعبي's opportunity | H73: سلطان الحاج الكعبي | I73: نعم | K73: لا | M73: لا | O73: لا | Q73: لا | R73: 0 | S73: لا | U73: لا | V73: 0 | W73: لا | X73: 7 | Y73: المندوب لم يكتب: Plot Number، الاستشاري، المقاول، Tags، مرفقات، Source، ملاحظات (7 خانة ناقصة)
A74: 43300 | B74: 2026-09-09 | C74: 20:40 | D74: Ramy Moussa | E74: Abu Dhabi, and Al Ain | F74: Clients | G74: احمد سيف الكعبي's opportunity | H74: احمد سيف الكعبي | I74: نعم | K74: لا | M74: لا | O74: لا | Q74: لا | R74: 0 | S74: لا | U74: لا | V74: 0 | W74: لا | X74: 7 | Y74: المندوب لم يكتب: Plot Number، الاستشاري، المقاول، Tags، مرفقات، Source، ملاحظات (7 خانة ناقصة)
A75: 43301 | B75: 2026-09-09 | C75: 20:41 | D75: Ramy Moussa | E75: Abu Dhabi, and Al Ain | F75: Clients | G75: خميس سرحان الكعبي's opportunity | H75: خميس سرحان الكعبي | I75: نعم | K75: لا | M75: لا | O75: لا | Q75: لا | R75: 0 | S75: لا | U75: لا | V75: 0 | W75: لا | X75: 7 | Y75: المندوب لم يكتب: Plot Number، الاستشاري، المقاول، Tags، مرفقات، Source، ملاحظات (7 خانة ناقصة)
A76: 43302 | B76: 2026-09-09 | C76: 20:43 | D76: Mohammed Jamal | E76: Abu Dhabi, and Al Ain | F76: Offices | G76: مركز التصميمات للاستشارات الهندسية | H76: مركز التصميمات للاستشارات | I76: نعم | K76: لا | M76: لا | O76: لا | P76: مكتب استشارات | Q76: نعم | R76: 0 | S76: لا | T76: مكاتب | U76: نعم | V76: 0 | W76: لا | X76: 5 | Y76: المندوب لم يكتب: Plot Number، الاستشاري، المقاول، مرفقات، ملاحظات (5 خانة ناقصة)
A77: 43303 | B77: 2026-09-09 | C77: 20:43 | D77: Ramy Moussa | E77: Abu Dhabi, and Al Ain | F77: Clients | G77: دكتور احمد الزرعوني | H77: دكتور احمد الزرعوني | I77: نعم | K77: لا | L77: المعمار الاسلامي للاستشارات | M77: نعم | O77: لا | Q77: لا | R77: 0 | S77: لا | U77: لا | V77: 0 | W77: لا | X77: 6 | Y77: المندوب لم يكتب: Plot Number، المقاول، Tags، مرفقات، Source، ملاحظات (6 خانة ناقصة)
A78: 43304 | B78: 2026-09-09 | C78: 20:45 | D78: Mohammed Jamal | E78: Abu Dhabi, and Al Ain | F78: Offices | G78: فريد دزاين للاستشارات الهندسية's opportu | H78: فريد دزاين للاستشارات الهندسية | I78: نعم | K78: لا | M78: لا | O78: لا | P78: مكتب استشارات | Q78: نعم | R78: 0 | S78: لا | T78: مكاتب | U78: نعم | V78: 0 | W78: لا | X78: 5 | Y78: المندوب لم يكتب: Plot Number، الاستشاري، المقاول، مرفقات، ملاحظات (5 خانة ناقصة)
A79: 43305 | B79: 2026-09-09 | C79: 20:48 | D79: Mohammed Jamal | E79: Abu Dhabi, and Al Ain | F79: Offices | G79: لاي وايت للمقاولات العامة's opportunity | H79: لاي وايت للمقاولات العامة | I79: نعم | K79: لا | M79: لا | O79: لا | P79: مكتب مقاولات | Q79: نعم | R79: 0 | S79: لا | T79: مكاتب | U79: نعم | V79: 0 | W79: لا | X79: 5 | Y79: المندوب لم يكتب: Plot Number، الاستشاري، المقاول، مرفقات، ملاحظات (5 خانة ناقصة)
A80: 43306 | B80: 2026-09-09 | C80: 20:49 | D80: Ramy Moussa | E80: Abu Dhabi, and Al Ain | F80: After Sale | G80: سالم الحبسي عقد صيانة | H80: سالم الحبسي | I80: نعم | K80: لا | M80: لا | O80: لا | Q80: لا | R80: 0 | S80: لا | U80: لا | V80: 0 | W80: لا | X80: 7 | Y80: المندوب لم يكتب: Plot Number، الاستشاري، المقاول، Tags، مرفقات، Source، ملاحظات (7 خانة ناقصة)
A81: 43307 | B81: 2026-09-09 | C81: 20:50 | D81: Mohammed Jamal | E81: Abu Dhabi, and Al Ain | F81: Offices | G81: المغرب العربي للاستشارات's opportunity | H81: المغرب العربي للاستشارات | I81: نعم | K81: لا | M81: لا | O81: لا | P81: مكتب استشارات | Q81: نعم | R81: 0 | S81: لا | T81: مكاتب | U81: نعم | V81: 0 | W81: لا | X81: 5 | Y81: المندوب لم يكتب: Plot Number، الاستشاري، المقاول، مرفقات، ملاحظات (5 خانة ناقصة)
A82: 43308 | B82: 2026-09-09 | C82: 20:52 | D82: Mohammed Jamal | E82: Abu Dhabi, and Al Ain | F82: Offices | G82: مكتب العين's opportunity | H82: مكتب العين | I82: نعم | K82: لا | M82: لا | O82: لا | P82: مكتب | Q82: نعم | R82: 0 | S82: لا | U82: لا | V82: 0 | W82: لا | X82: 6 | Y82: المندوب لم يكتب: Plot Number، الاستشاري، المقاول، مرفقات، Source، ملاحظات (6 خانة ناقصة)
A83: 43309 | B83: 2026-09-10 | C83: 00:15 | D83: Ahmed Alattar | E83: ADMIN | F83: Quotation | G83: سامى/ الفيراس للاستشارات/ مهندس ابوالفضل | H83: سامى/ الفيراس للاستشارات/ مهندس ابوالف | I83: نعم | K83: لا | L83: مكتب فراس للاستشارات الهندسية | M83: نعم | O83: لا | P83: عرض سعر مصعد | Q83: نعم | R83: 0 | S83: لا | U83: لا | V83: 0 | W83: لا | X83: 5 | Y83: المندوب لم يكتب: Plot Number، المقاول، مرفقات، Source، ملاحظات (5 خانة ناقصة)
A84: 43312 | B84: 2026-09-10 | C84: 05:56 | D84: Ahmed Alattar | E84: ADMIN | F84: Clients | G84: مكتب البدر المضئ للمقاولات العامة's oppo | H84: مكتب البدر المضئ للمقاولات العامة | I84: نعم | K84: لا | M84: لا | N84: البدر المضئ للمقاولات | O84: نعم | P84: عرض سعر مصعد | Q84: نعم | R84: 0 | S84: لا | U84: لا | V84: 0 | W84: لا | X84: 5 | Y84: المندوب لم يكتب: Plot Number، الاستشاري، مرفقات، Source، ملاحظات (5 خانة ناقصة)
A85: 43313 | B85: 2026-09-10 | C85: 06:00 | D85: Ahmed Alattar | E85: ADMIN | F85: Quotation | G85: رائد الراشدى/ ميديكال سنتر/ مهندس شريف's | H85: رائد الراشدى/ ميديكال سنتر/ مهندس شريف | I85: نعم | K85: لا | M85: لا | O85: لا | P85: عرض سعر مصعد | Q85: نعم | R85: 0 | S85: لا | U85: لا | V85: 0 | W85: لا | X85: 6 | Y85: المندوب لم يكتب: Plot Number، الاستشاري، المقاول، مرفقات، Source، ملاحظات (6 خانة ناقصة)
A86: 43314 | B86: 2026-09-10 | C86: 10:01 | D86: Yossry Fayez | E86: Abu Dhabi, and Al Ain 1 | F86: Clients | G86: التخطيط الحديث للمقاولات - تارجيت للاستش | H86: التخطيط الحديث للمقاولات | I86: نعم | K86: لا | L86: مكتب تارجيت للاستشارات الهندسية | M86: نعم | N86: التخطيط الحديث للمقاولات العامة | O86: نعم | P86: مواقع | Q86: نعم | R86: 0 | S86: لا | T86: مواقع | U86: نعم | V86: 0 | W86: لا | X86: 3 | Y86: المندوب لم يكتب: Plot Number، مرفقات، ملاحظات (3 خانة ناقصة)
A87: 43315 | B87: 2026-09-10 | C87: 10:23 | D87: Yossry Fayez | E87: Abu Dhabi, and Al Ain 1 | F87: Lost | G87: ماكرو هوم للمقاولات- شام للتصميم | H87: ماكرو هوم للمقاولات | I87: نعم | K87: لا | L87: مكتب شام للتصميم والاستشارات اله | M87: نعم | N87: ماكرو هوم للمقاولات العامة | O87: نعم | P87: مواقع | Q87: نعم | R87: 0 | S87: لا | T87: مواقع | U87: نعم | V87: 0 | W87: لا | X87: 3 | Y87: المندوب لم يكتب: Plot Number، مرفقات، ملاحظات (3 خانة ناقصة)
A88: 43316 | B88: 2026-09-10 | C88: 10:56 | D88: Yossry Fayez | E88: Abu Dhabi, and Al Ain 1 | F88: Clients | G88: ريبال للمقاولات- بينونة للاستشارات | H88: ريبال للمقاولات | I88: نعم | K88: لا | L88: بينونة للاستشارات | M88: نعم | N88: ريبال للمقاولات | O88: نعم | P88: مصعد, مواقع | Q88: نعم | R88: 0 | S88: لا | T88: مواقع | U88: نعم | V88: 0 | W88: لا | X88: 3 | Y88: المندوب لم يكتب: Plot Number، مرفقات، ملاحظات (3 خانة ناقصة)
A89: 43317 | B89: 2026-09-10 | C89: 11:38 | D89: Ahmed Alattar | E89: ADMIN | F89: Quotation | G89: محمد العامرى/ مركز تجارى/ الرحبة's oppor | H89: محمد العامرى/ مركز تجارى/ الرحبة | I89: نعم | K89: لا | L89: مكتب ايكوينوفا للاستشارات الهندس | M89: نعم | N89: ريتان للمقاولات العامة | O89: نعم | P89: عرض سعر مصعد | Q89: نعم | R89: 0 | S89: لا | U89: لا | V89: 0 | W89: لا | X89: 4 | Y89: المندوب لم يكتب: Plot Number، مرفقات، Source، ملاحظات (4 خانة ناقصة)
A90: 43353 | B90: 2026-09-10 | C90: 16:40 | D90: Mohamed Saqr | E90: Abu Dhabi, and Al Ain | F90: Offices | G90: سيف الزعابي | I90: لا | K90: لا | M90: لا | O90: لا | Q90: لا | R90: 0 | S90: لا | U90: لا | V90: 0 | W90: لا | X90: 8 | Y90: المندوب لم يكتب: اسم العميل، Plot Number، الاستشاري، المقاول، Tags، مرفقات، Source، ملاحظات (8 خانة ناقصة)
A91: 43356 | B91: 2026-09-10 | C91: 17:04 | D91: Ahmed Salah | E91: Abu Dhabi, and Al Ain 1 | F91: Won | G91: محمد ابوحليقه | I91: لا | K91: لا | M91: لا | O91: لا | Q91: لا | R91: 0 | S91: لا | U91: لا | V91: 0 | W91: لا | X91: 8 | Y91: المندوب لم يكتب: اسم العميل، Plot Number، الاستشاري، المقاول، Tags، مرفقات، Source، ملاحظات (8 خانة ناقصة)
A92: 43357 | B92: 2026-09-10 | C92: 17:06 | D92: Ahmed Salah | E92: Abu Dhabi, and Al Ain 1 | F92: Offices | G92: هاوس فيجن | I92: لا | K92: لا | M92: لا | N92: هاوس فيجن | O92: نعم | P92: عرض سعر مصعد | Q92: نعم | R92: 0 | S92: لا | U92: لا | V92: 0 | W92: لا | X92: 6 | Y92: المندوب لم يكتب: اسم العميل، Plot Number، الاستشاري، مرفقات، Source، ملاحظات (6 خانة ناقصة)
A93: 43358 | B93: 2026-09-10 | C93: 20:20 | D93: Mohammed Jamal | E93: Abu Dhabi, and Al Ain | F93: Proposition | G93: فريد دزاين للاستشارات الهندسية's opportu | H93: فريد دزاين للاستشارات الهندسية | I93: نعم | K93: لا | M93: لا | O93: لا | P93: مواقع | Q93: نعم | R93: 0 | S93: لا | T93: مواقع | U93: نعم | V93: 0 | W93: لا | X93: 5 | Y93: المندوب لم يكتب: Plot Number، الاستشاري، المقاول، مرفقات، ملاحظات (5 خانة ناقصة)
A94: 43359 | B94: 2026-09-10 | C94: 20:22 | D94: Mohammed Jamal | E94: Abu Dhabi, and Al Ain | F94: Offices | G94: اونيكس للمقاولات العامة's opportunity | H94: اونيكس للمقاولات العامة | I94: نعم | K94: لا | L94: فراس للاستشارات الهندسية | M94: نعم | O94: لا | P94: مواقع | Q94: نعم | R94: 0 | S94: لا | T94: مواقع | U94: نعم | V94: 0 | W94: لا | X94: 4 | Y94: المندوب لم يكتب: Plot Number، المقاول، مرفقات، ملاحظات (4 خانة ناقصة)
A95: 43360 | B95: 2026-09-10 | C95: 20:24 | D95: Mohammed Jamal | E95: Abu Dhabi, and Al Ain | F95: Offices | G95: دار الغد للمقاولات العامة's opportunity | H95: دار الغد للمقاولات العامة | I95: نعم | K95: لا | L95: ابيلا للاستشارات الهندسية | M95: نعم | O95: لا | P95: مواقع | Q95: نعم | R95: 0 | S95: لا | T95: مواقع | U95: نعم | V95: 0 | W95: لا | X95: 4 | Y95: المندوب لم يكتب: Plot Number، المقاول، مرفقات، ملاحظات (4 خانة ناقصة)
A96: 43361 | B96: 2026-09-10 | C96: 20:26 | D96: Mohammed Jamal | E96: Abu Dhabi, and Al Ain | F96: Offices | G96: التخطيط الحديث للمقاولات العامة's opport | H96: التخطيط الحديث للمقاولات العامة | I96: نعم | K96: لا | L96: مركز التصميمات المعماريه للاستشا | M96: نعم | O96: لا | P96: مواقع | Q96: نعم | R96: 0 | S96: لا | T96: مواقع | U96: نعم | V96: 0 | W96: لا | X96: 4 | Y96: المندوب لم يكتب: Plot Number، المقاول، مرفقات، ملاحظات (4 خانة ناقصة)
A97: 43362 | B97: 2026-09-10 | C97: 21:37 | D97: Ramy Moussa | E97: Abu Dhabi, and Al Ain | F97: Clients | G97: جاسم محمد النواد's opportunity | H97: جاسم محمد النواد | I97: نعم | K97: لا | M97: لا | O97: لا | Q97: لا | R97: 0 | S97: لا | U97: لا | V97: 0 | W97: لا | X97: 7 | Y97: المندوب لم يكتب: Plot Number، الاستشاري، المقاول، Tags، مرفقات، Source، ملاحظات (7 خانة ناقصة)
A98: 43363 | B98: 2026-09-12 | C98: 11:07 | D98: Yossry Fayez | E98: Abu Dhabi, and Al Ain 1 | F98: Quotation | G98: جلوري للاستشارات الهندسيه- اللبنة للمقاو | H98: جلوري للاستشارات الهندسيه | I98: نعم | K98: لا | L98: مكتب جلوري للاستشارات الهندسية | M98: نعم | N98: اللبنة للمقاولات العامة | O98: نعم | P98: مصعد, مواقع | Q98: نعم | R98: 0 | S98: لا | T98: مواقع | U98: نعم | V98: 0 | W98: لا | X98: 3 | Y98: المندوب لم يكتب: Plot Number، مرفقات، ملاحظات (3 خانة ناقصة)
A99: 43365 | B99: 2026-09-12 | C99: 11:32 | D99: Mohamed Saqr | E99: Abu Dhabi, and Al Ain | F99: Offices | G99: حمد الهاجري | I99: لا | K99: لا | M99: لا | O99: لا | Q99: لا | R99: 0 | S99: لا | U99: لا | V99: 0 | W99: لا | X99: 8 | Y99: المندوب لم يكتب: اسم العميل، Plot Number، الاستشاري، المقاول، Tags، مرفقات، Source، ملاحظات (8 خانة ناقصة)
A100: 43366 | B100: 2026-09-12 | C100: 11:55 | D100: Ahmed AlDinary | E100: Abu Dhabi, and Al Ain 1 | F100: Quotation | G100: واحة السعديات | I100: لا | J100: C4 | K100: نعم | L100: اريكيوم للاستشارات | M100: نعم | N100: واحة السعديات للمقاولات | O100: نعم | P100: عرض سعر مكيف, عرض سعر مصعد | Q100: نعم | R100: 0 | S100: لا | T100: مكاتب | U100: نعم | V100: 0 | W100: لا | X100: 3 | Y100: المندوب لم يكتب: اسم العميل، مرفقات، ملاحظات (3 خانة ناقصة)
...

Sheet سجل الأكشنات
A1: رقم الفرصة | B1: التاريخ | C1: الوقت | D1: المندوب | E1: نوع السجل | F1: نوع النشاط | G1: عدد الحروف | H1: مستوى التفاصيل | I1: نص الأكشن (أول ٥٠ حرف) | J1: الملاحظة
A2: 43054 | B2: 2026-09-01 | C2: 09:58 | D2: Yossry Fayez | E2: نشاط منفذ | F2: Site Visit | G2: 117 | H2: تفصيلي | I2: تم زيارة الموقع في مرحلة الخرسانة ويوجد مصعد وتم ا | J2: أكشن مكتوب بتفاصيل كافية ✔
A3: 33472 | B3: 2026-09-01 | C3: 10:21 | D3: Yossry Fayez | E3: نشاط منفذ | F3: Meeting | G3: 96 | H3: تفصيلي | I3: تم زيارة المكتب ومقابلة المدير وتم مناقشة احد المش | J3: أكشن مكتوب بتفاصيل كافية ✔
A4: 43060 | B4: 2026-09-01 | C4: 11:09 | D4: Yossry Fayez | E4: نشاط منفذ | F4: Site Visit | G4: 147 | H4: تفصيلي | I4: تم زيار ة الموقع ومقابلة المقاول وهو نفسه المالك و | J4: أكشن مكتوب بتفاصيل كافية ✔
A5: 38433 | B5: 2026-09-01 | C5: 11:29 | D5: Yossry Fayez | E5: نشاط منفذ | F5: Site Visit | G5: 94 | H5: تفصيلي | I5: تم زيارة الموقع للمتابعة والمشروع شبه متوقف وتم ال | J5: أكشن مكتوب بتفاصيل كافية ✔
A6: 41401 | B6: 2026-09-01 | C6: 11:42 | D6: Abdullhadi AlHariri | E6: نشاط منفذ | F6: Meeting | G6: 87 | H6: تفصيلي | I6: الاجتماع تم : تم التواصل واتس اب والاستفسار عن سما | J6: أكشن مكتوب بتفاصيل كافية ✔
A7: 29106 | B7: 2026-09-01 | C7: 11:56 | D7: Yossry Fayez | E7: نشاط منفذ | F7: Meeting | G7: 66 | H7: تفصيلي | I7: تم زيارة المكتب ومقابلة السكريتير وقال المدير مساف | J7: أكشن مكتوب بتفاصيل كافية ✔
A8: 29111 | B8: 2026-09-01 | C8: 11:58 | D8: Yossry Fayez | E8: نشاط منفذ | F8: Meeting | G8: 73 | H8: تفصيلي | I8: تم زيارة المكتب ومقابلة المنندس عمر وقال مهندس محم | J8: أكشن مكتوب بتفاصيل كافية ✔
A9: 41288 | B9: 2026-09-01 | C9: 13:36 | D9: Yossry Fayez | E9: نشاط منفذ | F9: Call | G9: 87 | H9: تفصيلي | I9: تم الاتصال بمكتب الاستشاري وقال لسه المطورن موقف ا | J9: أكشن مكتوب بتفاصيل كافية ✔
A10: 40733 | B10: 2026-09-01 | C10: 14:07 | D10: Hossam Radi | E10: نشاط منفذ | F10: WhatsApp | G10: 127 | H10: تفصيلي | I10: WhatsApp done Original note: تم النتهاء من التؤكيب | J10: أكشن مكتوب بتفاصيل كافية ✔
A11: 41505 | B11: 2026-09-01 | C11: 14:09 | D11: Hossam Radi | E11: نشاط منفذ | F11: Call | G11: 143 | H11: تفصيلي | I11: Call done Original note: تم التواصل والمتابعه وقال | J11: أكشن مكتوب بتفاصيل كافية ✔
A12: 40522 | B12: 2026-09-01 | C12: 14:12 | D12: Hossam Radi | E12: نشاط منفذ | F12: Call | G12: 61 | H12: تفصيلي | I12: Call done Original note: تم التواصل ولم يرد وسيت م | J12: أكشن مكتوب بتفاصيل كافية ✔
A13: 38443 | B13: 2026-09-01 | C13: 14:14 | D13: Hossam Radi | E13: نشاط منفذ | F13: To Do | G13: 69 | H13: تفصيلي | I13: To Do done Original note: تم دفع 5000 ودا الايصال | J13: أكشن مكتوب بتفاصيل كافية ✔
... A35: 40549 | B35: 2026-09-02 | C35: 10:06 | D35: Yossry Fayez | E35: نشاط منفذ | F35: Site Visit | G35: 81 | H35: تفصيلي | I35: تم زيارة الموقع للتاكد من جاهزية الموقع ولكن الباي | J35: أكشن مكتوب بتفاصيل كافية ✔
A36: 40549 | B36: 2026-09-02 | C36: 10:06 | D36: Yossry Fayez | E36: ملاحظة | G36: 0 | H36: مختصر جداً / فارغ | J36: ملاحظة مسجّلة بدون أي نص
A37: 38089 | B37: 2026-09-02 | C37: 10:36 | D37: Yossry Fayez | E37: نشاط منفذ | F37: Site Visit | G37: 136 | H37: تفصيلي | I37: تم زيارة الموقع لمتابعة عروض الاسعار وتم توقيع عقد | J37: أكشن مكتوب بتفاصيل كافية ✔
A38: 43070 | B38: 2026-09-02 | C38: 11:01 | D38: Yossry Fayez | E38: نشاط منفذ | F38: Site Visit | G38: 83 | H38: تفصيلي | I38: تم زيارة الموقع في مرحلة الاساسات وتم الاتصال بالم | J38: أكشن مكتوب بتفاصيل كافية ✔
A39: 25129 | B39: 2026-09-02 | C39: 12:30 | D39: Yossry Fayez | E39: نشاط منفذ | F39: Call | G39: 71 | H39: تفصيلي | I39: تم الاتصال من المالك طلب اجتماع غدا بالموقع لمقابل | J39: أكشن مكتوب بتفاصيل كافية ✔
A40: 40498 | B40: 2026-09-02 | C40: 13:04 | D40: Yossry Fayez | E40: نشاط منفذ | F40: Call | G40: 138 | H40: تفصيلي | I40: تم الاتصال بالمالك وقال محتاج يعمل معاينة لمصعد فو | J40: أكشن مكتوب بتفاصيل كافية ✔
A41: 40498 | B41: 2026-09-02 | C41: 13:04 | D41: Yossry Fayez | E41: نشاط منفذ | F41: To Do | G41: 10 | H41: مختصر جداً / فارغ | I41: To Do done | J41: أكشن مختصر جداً — النص تلقائي/عام بدون تفاصيل الزيارة أو نتيجتها
A42: 43074 | B42: 2026-09-02 | C42: 13:09 | D42: Abdullhadi AlHariri | E42: نشاط منفذ | F42: Meeting | G42: 99 | H42: تفصيلي | I42: الاجتماع تم : عميل من داتا استاذ فراس تم التواصل و | J42: أكشن مكتوب بتفاصيل كافية ✔
A43: 39518 | B43: 2026-09-02 | C43: 13:11 | D43: Ahmed Salah | E43: نشاط منفذ | F43: Meeting | G43: 55 | H43: تفصيلي | I43: الاجتماع تم : تمت زياره للمكتب وعدم تواجد م حسن وم | J43: أكشن مكتوب بتفاصيل كافية ✔
A44: 40688 | B44: 2026-09-02 | C44: 13:13 | D44: Ahmed Salah | E44: نشاط منفذ | F44: Meeting | G44: 116 | H44: تفصيلي | I44: الاجتماع تم : تمت زياره للمكتب ومقابله م ياسر ومنا | J44: أكشن مكتوب بتفاصيل كافية ✔
A45: 40608 | B45: 2026-09-02 | C45: 13:17 | D45: Ahmed Salah | E45: نشاط منفذ | F45: Meeting | G45: 208 | H45: تفصيلي | I45: الاجتماع تم : تمت زياره للمكتب لمتابعه التحصيل وعم | J45: أكشن مكتوب بتفاصيل كافية ✔
A46: 43075 | B46: 2026-09-02 | C46: 13:48 | D46: Abdullhadi AlHariri | E46: نشاط منفذ | F46: Meeting | G46: 163 | H46: تفصيلي | I46: الاجتماع تم : عميل خال العميل بدر الكندي بيستفسر ع | J46: أكشن مكتوب بتفاصيل كافية ✔
A47: 40310 | B47: 2026-09-02 | C47: 13:49 | D47: Abdullhadi AlHariri | E47: نشاط منفذ | F47: Meeting | G47: 93 | H47: تفصيلي | I47: الاجتماع تم : تم زياره الموقع اليوم لمتابعه الموقع | J47: أكشن مكتوب بتفاصيل كافية ✔
A48: 41401 | B48: 2026-09-02 | C48: 13:52 | D48: Abdullhadi AlHariri | E48: نشاط منفذ | F48: Meeting | G48: 184 | H48: تفصيلي | I48: الاجتماع تم : تم زياره الموقع ومقابله المقاول لمتا | J48: أكشن مكتوب بتفاصيل كافية ✔
... A58: 43088 | B58: 2026-09-03 | C58: 11:29 | D58: Yossry Fayez | E58: نشاط منفذ | F58: Site Visit | G58: 78 | H58: تفصيلي | I58: تم التواصل مع المقاول بالواتس اب وارسل مخطط مصعد و | J58: أكشن مكتوب بتفاصيل كافية ✔
A59: 43088 | B59: 2026-09-03 | C59: 11:30 | D59: Yossry Fayez | E59: ملاحظة | G59: 0 | H59: مختصر جداً / فارغ | J59: ملاحظة مسجّلة بدون أي نص
A60: 42637 | B60: 2026-09-03 | C60: 11:49 | D60: Hossam Radi | E60: نشاط منفذ | F60: Meeting | G60: 198 | H60: تفصيلي | I60: المالك طارق الكثيري - معرض - 8 - 2026 تم التواصل و | J60: أكشن مكتوب بتفاصيل كافية ✔
A61: 42634 | B61: 2026-09-03 | C61: 11:50 | D61: Hossam Radi | E61: نشاط منفذ | F61: To Do | G61: 63 | H61: تفصيلي | I61: To Do done Original note: تم التواصل ومتابعه وف ان | J61: أكشن مكتوب بتفاصيل كافية ✔
A62: 42946 | B62: 2026-09-03 | C62: 11:53 | D62: Hossam Radi | E62: نشاط منفذ | F62: Call | G62: 85 | H62: تفصيلي | I62: Call done Original note: تم التواصل ولم ىيرد وسيتم | J62: أكشن مكتوب بتفاصيل كافية ✔
A63: 42954 | B63: 2026-09-03 | C63: 11:54 | D63: Hossam Radi | E63: نشاط منفذ | F63: To Do | G63: 96 | H63: تفصيلي | I63: To Do done Original note: تم التواصل ولم يرد وسيتم | J63: أكشن مكتوب بتفاصيل كافية ✔
A64: 40688 | B64: 2026-09-03 | C64: 12:42 | D64: Ahmed Salah | E64: نشاط منفذ | F64: Meeting | G64: 93 | H64: تفصيلي | I64: الاجتماع تم : تمت زياره للمكتب ومقابله م ياسر وتسل | J64: أكشن مكتوب بتفاصيل كافية ✔
A65: 40742 | B65: 2026-09-03 | C65: 12:44 | D65: Ahmed Salah | E65: نشاط منفذ | F65: Meeting | G65: 109 | H65: تفصيلي | I65: الاجتماع تم : تمت زياره للمكتب ومقابله ابوسلطان وم | J65: أكشن مكتوب بتفاصيل كافية ✔
A66: 41583 | B66: 2026-09-03 | C66: 15:19 | D66: Ahmed Salah | E66: نشاط منفذ | F66: Meeting | G66: 125 | H66: تفصيلي | I66: الاجتماع تم : تمت زياره للمكتب وعدم تواجد م محمد و | J66: أكشن مكتوب بتفاصيل كافية ✔
A67: 40608 | B67: 2026-09-03 | C67: 15:22 | D67: Ahmed Salah | E67: نشاط منفذ | F67: Call | G67: 94 | H67: تفصيلي | I67: مكالمة تم : تم التواصل مع المهندس والمحاسب لتحصيل | J67: أكشن مكتوب بتفاصيل كافية ✔
A68: 43099 | B68: 2026-09-03 | C68: 19:18 | D68: Mohammed Jamal | E68: نشاط منفذ | F68: Meeting | G68: 138 | H68: تفصيلي | I68: الدوام من المعرض لمتابعة عروض الاسعار .. وتم مقابل | J68: أكشن مكتوب بتفاصيل كافية ✔
A69: 43100 | B69: 2026-09-03 | C69: 23:16 | D69: Ahmed Alattar | E69: نشاط منفذ | F69: Meeting | G69: 59 | H69: تفصيلي | I69: تم مقابلة مهندسة ايمان وسيتم ارسال مشروع لتسعير ال | J69: أكشن مكتوب بتفاصيل كافية ✔
A70: 42457 | B70: 2026-09-03 | C70: 23:19 | D70: Ahmed Alattar | E70: نشاط منفذ | F70: Meeting | G70: 80 | H70: تفصيلي | I70: تم مقابلة صاحب الشركة والمهندس المسؤول عن الموقع.. | J70: أكشن مكتوب بتفاصيل كافية ✔
A71: 43101 | B71: 2026-09-03 | C71: 23:23 | D71: Ahmed Alattar | E71: نشاط منفذ | F71: Meeting | G71: 57 | H71: تفصيلي | I71: تم مقابلة مهندس ساديش وسيتم ارسال مشروع لعمل عرض س | J71: أكشن مكتوب بتفاصيل كافية ✔
... A130: 43197 | B130: 2026-09-07 | C130: 19:37 | D130: Abdullhadi AlHariri | E130: نشاط منفذ | F130: Meeting | G130: 205 | H130: تفصيلي | I130: الاجتماع تم : عميل معرض وعنده استفسار عن ملحوظه في | J130: أكشن مكتوب بتفاصيل كافية ✔
A131: 43197 | B131: 2026-09-07 | C131: 19:37 | D131: Abdullhadi AlHariri | E131: ملاحظة | G131: 0 | H131: مختصر جداً / فارغ | J131: ملاحظة مسجّلة بدون أي نص
A132: 39275 | B132: 2026-09-07 | C132: 23:08 | D132: Ahmed Salah | E132: نشاط منفذ | F132: To Do | G132: 63 | H132: تفصيلي | I132: المهام المراد تنفيذها تم : الدوام بمعرض ابو ظبي لم | J132: أكشن مكتوب بتفاصيل كافية ✔
A133: 40688 | B133: 2026-09-07 | C133: 23:09 | D133: Ahmed Salah | E133: نشاط منفذ | F133: Meeting | G133: 98 | H133: تفصيلي | I133: الاجتماع تم : تمت زياره للمكتب ومقابله م ياسر وطلب | J133: أكشن مكتوب بتفاصيل كافية ✔
A134: 43200 | B134: 2026-09-07 | C134: 23:15 | D134: Ahmed Salah | E134: نشاط منفذ | F134: Meeting | G134: 205 | H134: تفصيلي | I134: الاجتماع تم : تم التواصل مع المالك وزياره للمعرض م | J134: أكشن مكتوب بتفاصيل كافية ✔
A135: 43116 | B135: 2026-09-07 | C135: 23:19 | D135: Ahmed Salah | E135: نشاط منفذ | F135: Call | G135: 80 | H135: تفصيلي | I135: مكالمة تم : تم التواصل مع المالك لذياره المعرض وال | J135: أكشن مكتوب بتفاصيل كافية ✔
A136: 43201 | B136: 2026-09-08 | C136: 09:00 | D136: Yossry Fayez | E136: نشاط منفذ | F136: Site Visit | G136: 173 | H136: تفصيلي | I136: تم. يارة الموقع ويوجد 2 مصعد في مرحلة الخرسانة وتم | J136: أكشن مكتوب بتفاصيل كافية ✔
A137: 39395 | B137: 2026-09-08 | C137: 09:08 | D137: Yossry Fayez | E137: ملاحظة | G137: 0 | H137: مختصر جداً / فارغ | J137: ملاحظة مسجّلة بدون أي نص
A138: 43202 | B138: 2026-09-08 | C138: 09:20 | D138: Yossry Fayez | E138: نشاط منفذ | F138: Site Visit | G138: 132 | H138: تفصيلي | I138: تم زيارة الموقع ويوجد 3 مصاعد في مرحلة الخرسانة وت | J138: أكشن مكتوب بتفاصيل كافية ✔
A139: 43202 | B139: 2026-09-08 | C139: 11:30 | D139: Yossry Fayez | E139: ملاحظة | G139: 0 | H139: مختصر جداً / فارغ | J139: ملاحظة مسجّلة بدون أي نص
A140: 37564 | B140: 2026-09-08 | C140: 11:31 | D140: Yossry Fayez | E140: نشاط منفذ | F140: Site Visit | G140: 95 | H140: تفصيلي | I140: تم زيارة الموقع لمتابعة ما بعد البيع وتم عمل المعا | J140: أكشن مكتوب بتفاصيل كافية ✔
A141: 37572 | B141: 2026-09-08 | C141: 14:38 | D141: Mohamed Saqr | E141: نشاط منفذ | F141: Site Visit | G141: 101 | H141: تفصيلي | I141: Site Visit تم : تم مقابله المقاول لتوضيح الاعمال ا | J141: أكشن مكتوب بتفاصيل كافية ✔
A142: 43208 | B142: 2026-09-08 | C142: 14:48 | D142: Abdullhadi AlHariri | E142: نشاط منفذ | F142: Meeting | G142: 204 | H142: تفصيلي | I142: الاجتماع تم : عميل معرض تم الاجتماع به لمده ساعتين | J142: أكشن مكتوب بتفاصيل كافية ✔
A143: 40902 | B143: 2026-09-08 | C143: 14:51 | D143: Abdullhadi AlHariri | E143: نشاط منفذ | F143: Meeting | G143: 67 | H143: تفصيلي | I143: الاجتماع تم : تم الاجتماع بالمكتب والتعريف بسمارت | J143: أكشن مكتوب بتفاصيل كافية ✔
A144: 43209 | B144: 2026-09-08 | C144: 14:54 | D144: Abdullhadi AlHariri | E144: نشاط منفذ | F144: Meeting | G144: 98 | H144: تفصيلي | I144: الاجتماع تم : تم الاجتماع بالمكتب وشرح الخدمات كام | J144: أكشن مكتوب بتفاصيل كافية ✔
A145: 35884 | B145: 2026-09-08 | C145: 14:57 | D145: Abdullhadi AlHariri | E145: نشاط منفذ | F145: Meeting | G145: 77 | H145: تفصيلي | I145: الاجتماع تم : تم التواصل وارسال مطالبه التسليم ومن | J145: أكشن مكتوب بتفاصيل كافية ✔
A146: 31277 | B146: 2026-09-08 | C146: 15:11 | D146: Yossry Fayez | E146: نشاط منفذ | F146: Site Visit | G146: 68 | H146: تفصيلي | I146: تم زيارة الموقع لمتابعة ما بعد البيع وتمعمل المعاي | J146: أكشن مكتوب بتفاصيل كافية ✔
A147: 37562 | B147: 2026-09-08 | C147: 15:12 | D147: Yossry Fayez | E147: نشاط منفذ | F147: Site Visit | G147: 69 | H147: تفصيلي | I147: تم زيارة الموقع لمتابعة ما بعد البيع وتم عمل المعا | J147: أكشن مكتوب بتفاصيل كافية ✔
A148: 37560 | B148: 2026-09-08 | C148: 15:14 | D148: Yossry Fayez | E148: نشاط منفذ | F148: Site Visit | G148: 69 | H148: تفصيلي | I148: تم زيارة الموقع لمتابعة ما بعد البيع وتم عمل المعا | J148: أكشن مكتوب بتفاصيل كافية ✔
A149: 39348 | B149: 2026-09-08 | C149: 15:15 | D149: Yossry Fayez | E149: نشاط منفذ | F149: Site Visit | G149: 49 | H149: تفصيلي | I149: تم زيارة الموقع لمتابعة ما بعد البيع والموقع مغلق | J149: أكشن مكتوب بتفاصيل كافية ✔
A150: 39346 | B150: 2026-09-08 | C150: 15:16 | D150: Yossry Fayez | E150: نشاط منفذ | F150: Site Visit | G150: 48 | H150: تفصيلي | I150: تم زيارة الموقع لمتابعة ما بعد البيع والباب مغلق | J150: أكشن مكتوب بتفاصيل كافية ✔
A151: 37317 | B151: 2026-09-08 | C151: 15:17 | D151: Yossry Fayez | E151: نشاط منفذ | F151: Site Visit | G151: 49 | H151: تفصيلي | I151: تم زيارة الموقع لمتابعة ما بعد البيع والموقع مغلق | J151: أكشن مكتوب بتفاصيل كافية ✔
... A250: 40224 | B250: 2026-09-12 | C250: 11:13 | D250: Yossry Fayez | E250: نشاط منفذ | F250: Site Visit | G250: 168 | H250: تفصيلي | I250: تم زيارة الموقع لمتابعة ما بعد التعاقد وتم مقابلة | J250: أكشن مكتوب بتفاصيل كافية ✔
A251: 40224 | B251: 2026-09-12 | C251: 11:13 | D251: Yossry Fayez | E251: ملاحظة | G251: 0 | H251: مختصر جداً / فارغ | J251: ملاحظة مسجّلة بدون أي نص
A252: 40776 | B252: 2026-09-12 | C252: 11:53 | D252: Ahmed AlDinary | E252: نشاط منفذ | F252: To Do | G252: 42 | H252: تفصيلي | I252: تم الدوام من المعرض وترتيب الشغل والتقارير | J252: أكشن مكتوب بتفاصيل كافية ✔
A253: 43365 | B253: 2026-09-12 | C253: 12:01 | D253: Mohamed Saqr | E253: نشاط منفذ | F253: To Do | G253: 24 | H253: مختصر | I253: المهام المراد تنفيذها تم | J253: أكشن مختصر — لا يوضّح نتيجة التواصل أو الخطوة التالية
A254: 43366 | B254: 2026-09-12 | C254: 12:01 | D254: Ahmed AlDinary | E254: نشاط منفذ | F254: Call | G254: 65 | H254: تفصيلي | I254: تم التواصل مع م مناف الاستشاري وارسل مخطط وعمل عرض | J254: أكشن مكتوب بتفاصيل كافية ✔
A255: 43365 | B255: 2026-09-12 | C255: 12:01 | D255: Mohamed Saqr | E255: نشاط منفذ | F255: Site Visit | G255: 61 | H255: تفصيلي | I255: Site Visit تم : تم زياره الموقع ومقابله المالك ومط | J255: أكشن مكتوب بتفاصيل كافية ✔
A256: 43367 | B256: 2026-09-12 | C256: 12:04 | D256: Yossry Fayez | E256: نشاط منفذ | F256: Site Visit | G256: 173 | H256: تفصيلي | I256: تم زيارة الموقع ويوجد مصعد في مرحلة الطابوق تم رفع | J256: أكشن مكتوب بتفاصيل كافية ✔
A257: 41382 | B257: 2026-09-12 | C257: 12:06 | D257: Ahmed AlDinary | E257: نشاط منفذ | F257: Call | G257: 49 | H257: تفصيلي | I257: تم التواصل مع المالك والاستشاري وعمل عرض سعر مصعد | J257: أكشن مكتوب بتفاصيل كافية ✔
A258: 41382 | B258: 2026-09-12 | C258: 12:06 | D258: Ahmed AlDinary | E258: ملاحظة | G258: 0 | H258: مختصر جداً / فارغ | J258: ملاحظة مسجّلة بدون أي نص
A259: 43368 | B259: 2026-09-12 | C259: 12:21 | D259: Ahmed AlDinary | E259: نشاط منفذ | F259: Call | G259: 59 | H259: تفصيلي | I259: تم التواصل مع م ابو الفضل وارسل مخططين لعتمل عرض س | J259: أكشن مكتوب بتفاصيل كافية ✔
A260: 43368 | B260: 2026-09-12 | C260: 12:21 | D260: Ahmed AlDinary | E260: ملاحظة | G260: 0 | H260: مختصر جداً / فارغ | J260: ملاحظة مسجّلة بدون أي نص
A261: 43371 | B261: 2026-09-12 | C261: 12:24 | D261: Ahmed AlDinary | E261: ملاحظة | G261: 0 | H261: مختصر جداً / فارغ | J261: ملاحظة مسجّلة بدون أي نص
A262: 43371 | B262: 2026-09-12 | C262: 12:25 | D262: Ahmed AlDinary | E262: نشاط منفذ | F262: Call | G262: 51 | H262: تفصيلي | I262: تم التواصل مع م احمد وارسل مخطط وعمل عرض سعر مكيفا | J262: أكشن مكتوب بتفاصيل كافية ✔
A263: 39518 | B263: 2026-09-12 | C263: 14:58 | D263: Ahmed Salah | E263: نشاط منفذ | F263: Meeting | G263: 70 | H263: تفصيلي | I263: الاجتماع تم : زياره للمكتب وكقابله م حسن ومتابعه ل | J263: أكشن مكتوب بتفاصيل كافية ✔
A264: 40379 | B264: 2026-09-12 | C264: 15:01 | D264: Ahmed Salah | E264: نشاط منفذ | F264: Call | G264: 46 | H264: تفصيلي | I264: مكالمة تم : تم التواصل وتحديد موعد غدا بالموقع | J264: أكشن مكتوب بتفاصيل كافية ✔
A265: 43363 | B265: 2026-09-12 | C265: 15:01 | D265: Yossry Fayez | E265: نشاط منفذ | F265: Site Visit | G265: 224 | H265: تفصيلي | I265: تم زيارة الموقع مرة اخري وتم مقابلة المالك والمقاو | J265: أكشن مكتوب بتفاصيل كافية ✔
A266: 35765 | B266: 2026-09-12 | C266: 15:03 | D266: Yossry Fayez | E266: نشاط منفذ | F266: Site Visit | G266: 103 | H266: تفصيلي | I266: تم زيارة الموقع للمتابعة وتم مقابلة المقاول وشرح ا | J266: أكشن مكتوب بتفاصيل كافية ✔
A267: 73 | B267: 2026-09-12 | C267: 15:07 | D267: Ahmed Salah | E267: نشاط منفذ | F267: Call | G267: 60 | H267: تفصيلي | I267: مكالمة تم : تواصل مع المالك وتحديد موعد غدا للاجتم | J267: أكشن مكتوب بتفاصيل كافية ✔
A268: 12328 | B268: 2026-09-12 | C268: 15:12 | D268: Ahmed Salah | E268: ملاحظة | G268: 21 | H268: مختصر | I268: متابعه اول شهر اكتوبر | J268: أكشن مختصر — لا يوضّح نتيجة التواصل أو الخطوة التالية
A269: 41196 | B269: 2026-09-12 | C269: 16:30 | D269: Ahmed Alattar | E269: نشاط منفذ | F269: Call | G269: 50 | H269: تفصيلي | I269: تم التواصل / المشروع موقوف حاليا/ متابعة بعد شهرين | J269: أكشن مكتوب بتفاصيل كافية ✔
A270: 41355 | B270: 2026-09-12 | C270: 16:32 | D270: Ahmed Alattar | E270: نشاط منفذ | F270: WhatsApp | G270: 35 | H270: مختصر | I270: تم تعديل المخطط وارساله لمهندس احمد | J270: أكشن مختصر — لا يوضّح نتيجة التواصل أو الخطوة التالية
A271: 42624 | B271: 2026-09-12 | C271: 16:32 | D271: Ahmed Alattar | E271: نشاط منفذ | F271: Call | G271: 64 | H271: تفصيلي | I271: تم التواصل/ القرار مع الزوجة/ تم الاتصال بالزوجة و | J271: أكشن مكتوب بتفاصيل كافية ✔
A272: 41571 | B272: 2026-09-12 | C272: 16:35 | D272: Ahmed Alattar | E272: نشاط منفذ | F272: WhatsApp | G272: 41 | H272: تفصيلي | I272: تم التواصل مع المهندس/ سيتم حسم الأمر غدا | J272: أكشن مكتوب بتفاصيل كافية ✔
A273: 43406 | B273: 2026-09-12 | C273: 19:47 | D273: Mohammed Jamal | E273: نشاط منفذ | F273: Site Visit | G273: 53 | H273: تفصيلي | I273: زيارة الموقع ومقابلة المهندس زيارة مطلوب عرض سعر م | J273: أكشن مكتوب بتفاصيل كافية ✔
A274: 43407 | B274: 2026-09-12 | C274: 19:52 | D274: Mohammed Jamal | E274: نشاط منفذ | F274: Site Visit | G274: 85 | H274: تفصيلي | I274: زيارة الموقع ومقابلة المالك سيتم المتابعه لعمل عرض | J274: أكشن مكتوب بتفاصيل كافية ✔
A275: 43408 | B275: 2026-09-12 | C275: 19:55 | D275: Mohammed Jamal | E275: نشاط منفذ | F275: Site Visit | G275: 114 | H275: تفصيلي | I275: زيارة الموقع ومقابلة المهندس محمود صاحب الشركة تم | J275: أكشن مكتوب بتفاصيل كافية ✔
A276: 43409 | B276: 2026-09-12 | C276: 19:58 | D276: Mohammed Jamal | E276: نشاط منفذ | F276: Site Visit | G276: 41 | H276: تفصيلي | I276: زيارة الموقع وتم الاتصال على مهندس لم يرد | J276: أكشن مكتوب بتفاصيل كافية ✔
A277: 41382 | B277: 2026-09-12 | C277: 20:50 | D277: Ahmed AlDinary | E277: نشاط منفذ | F277: Site Visit | G277: 44 | H277: تفصيلي | I277: تم زيارة الموقع وتصوير في والتواصل مع المالك | J277: أكشن مكتوب بتفاصيل كافية ✔
A278: 40726 | B278: 2026-09-12 | C278: 20:53 | D278: Ahmed AlDinary | E278: نشاط منفذ | F278: Site Visit | G278: 110 | H278: تفصيلي | I278: تم زيارة الموقع والمعاينه والتواصل مع المالك وقال | J278: أكشن مكتوب بتفاصيل كافية ✔
A279: 36559 | B279: 2026-09-12 | C279: 20:53 | D279: Ahmed AlDinary | E279: نشاط منفذ | F279: Site Visit | G279: 66 | H279: تفصيلي | I279: تم زيارة الموقع والمعاينه والفيلا شبه خلصانه وتم ا | J279: أكشن مكتوب بتفاصيل كافية ✔
A280: 38927 | B280: 2026-09-12 | C280: 20:54 | D280: Ahmed AlDinary | E280: نشاط منفذ | F280: Site Visit | G280: 49 | H280: تفصيلي | I280: تم زيارة الموقع وتصوير فديو للموقع وارساله للمالك | J280: أكشن مكتوب بتفاصيل كافية ✔
A281: 43410 | B281: 2026-09-12 | C281: 20:56 | D281: Ahmed AlDinary | E281: ملاحظة | G281: 0 | H281: مختصر جداً / فارغ | J281: ملاحظة مسجّلة بدون أي نص
A282: 43410 | B282: 2026-09-12 | C282: 20:57 | D282: Ahmed AlDinary | E282: نشاط منفذ | F282: Site Visit | G282: 48 | H282: تفصيلي | I282: تم زيارة الموقع ومقابلة م هادي وعمل عرض سعر مصعد | J282: أكشن مكتوب بتفاصيل كافية ✔
A283: 36328 | B283: 2026-09-12 | C283: 20:57 | D283: Ahmed AlDinary | E283: نشاط منفذ | F283: Site Visit | G283: 63 | H283: تفصيلي | I283: تم زيارة الموقع في جزيرة ياس والتواصل مع المالك وم | J283: أكشن مكتوب بتفاصيل كافية ✔
A284: 40681 | B284: 2026-09-12 | C284: 21:01 | D284: Ramy Moussa | E284: نشاط منفذ | F284: Site Visit | G284: 26 | H284: مختصر | I284: زياره الموقع وارسال للمالك | J284: أكشن مختصر — لا يوضّح نتيجة التواصل أو الخطوة التالية
A285: 40681 | B285: 2026-09-12 | C285: 21:02 | D285: Ramy Moussa | E285: نشاط منفذ | F285: Meeting | G285: 54 | H285: تفصيلي | I285: تم زياره معرض العينوتم اختيار الديكور وتم تحويل ال | J285: أكشن مكتوب بتفاصيل كافية ✔
A286: 42773 | B286: 2026-09-12 | C286: 21:04 | D286: Ramy Moussa | E286: نشاط منفذ | F286: Site Visit | G286: 54 | H286: تفصيلي | I286: تم زياره الموقع ومقابله المهندس وتم ارسال فيديو لل | J286: أكشن مكتوب بتفاصيل كافية ✔
...
